title,author
"盘点全网最性感<em class=""keyword"">美女</em>合集 (199)",172号卡分销系统平台
男b友们说想看黑丝，我立马就拍。,唐卡七
"刺激，捂住鼻子防止鼻血冒出！韩国性感女神精彩演出，三段爱情小故事-关于xxoo的爱情故事。#做爱做的事##性感<em class=""keyword"">美女</em>##xxoo#",大仙说影
"20岁小<em class=""keyword"">美女</em>，手淫频繁，天天挖喷泉，舌苔严重剥落！",中医主任刘洪超
"【⚡️福利⚡️】一口气看爽22分钟超长<em class=""keyword"">美女</em>合集",今朝笒卿
"性感大雷泳装<em class=""keyword"">美女</em>23",城南瓜已熟
"上世纪全球都不好混的原因找到了，帅男<em class=""keyword"">美女</em>都扎堆出生",天韵沧海
看吐了！互联网上的擦边球太恶心了！【土味视频】,棉白有点笨
"【⚡️福利⚡️】不可错过的19分钟超长<em class=""keyword"">美女</em>合集！",今朝笒卿
"韩国性感大雷<em class=""keyword"">美女</em>雷 (eunyoung1238) 11.18泳池比基尼回放_9",栖归迟
炸奶系女网红  日本擦边女有多离谱,潘点鱼乐
"性感超短裙<em class=""keyword"">美女</em>享受韩式按摩",Mr_legend
"白色短裙<em class=""keyword"">美女</em>",寂寞肾亏俱乐部
"<em class=""keyword"">美女</em>合集，黑丝<em class=""keyword"">美女</em>耶！",一个寻常的比喻
"李翰祥的杰作：一本正经男医生帮<em class=""keyword"">美女</em>打针，离谱到让你怀疑人生！",Boys电影
学穿搭，征服她,Misamisaaa_a
"与<em class=""keyword"">美女</em>们登上荒岛三天三夜，阿宅快要崩溃了",黑皮辣妹动漫
"日本人真是太会玩了，<em class=""keyword"">美女</em>挑战在震动座椅上打电话.",老罗jion
"<em class=""keyword"">美女</em>特工被恶霸凌辱，看了好心疼......",奇妙影视汇
"<em class=""keyword"">美女</em>现场换衣服系列：柔软的的粉红色服饰",垚垚麦
没事逗猫玩,南北有笙歌
【杜蕾斯】持久才是“硬”道理！快来领装备,宇航航圆不了
甜美笑容 傲人身材 致命诱惑,慢手slowhand
28. #极致诱惑 #全程高能,VIP说影视
【e_seoa】【徐雅】【BJ DODO】【2024年2月15日】你家邋遢的韩国女友,又一件皇后的新衣
"拿<em class=""keyword"">美女</em>当靶子比枪法，一枪打掉一件衣服。",冷门经典影视
"<em class=""keyword"">美女</em>5选1，你会怎么选？",动物探险家
"性感科长和<em class=""keyword"">美女</em>同事都喜欢我，该怎么办呢？",美美观影
一段很纯粹很性感的视频～,酒酿Lily王
"【宅男图鉴18】六一儿童节大合集！人体大百科！<em class=""keyword"">美女</em>为科学献身只为科普雪白的医学知识~【耶嘿·精确5分钟】",耶嘿YeahHey
"爽歪歪！<em class=""keyword"">美女</em>享受全身精油SPA",飞毛腿_摩根
更衣,YuiLov
车上紧急换衣 | 黑男邱比特,Terry乄Lee
做伸展瑜伽放松心情！,余子竹一法竹尺八
如何在车上更换比基尼 | 御姐強尼Ms. Johnny2.0,Terry乄Lee
既然我们都没做过，就做一次吧,一坨海海草
『小仓优香』身材太顶了,Aboutfeeling-J
"【<em class=""keyword"">美女</em>换衣S2E6】劲爆台妹挑战不走光换比基尼，司机都看呆了，车都不开了！【耶嘿·精确5分钟】",耶嘿YeahHey
霏霏老师演示：如何在车上换装 |  转自：想入霏霏 Ms. Fei Fei,Terry乄Lee
真的什么都可以做的相亲,一坨海海草
小燃燃限定-油亮黑丝秀玉足,天才少女李滇滇
小燃燃限定-吊带油亮丝袜秀玉足,天才少女李滇滇
『小仓优香』身材太顶了,Aboutfeeling-J
"【<em class=""keyword"">美女</em>换衣S2E6】劲爆台妹挑战不走光换比基尼，司机都看呆了，车都不开了！【耶嘿·精确5分钟】",耶嘿YeahHey
霏霏老师演示：如何在车上换装 |  转自：想入霏霏 Ms. Fei Fei,Terry乄Lee
真的什么都可以做的相亲,一坨海海草
小燃燃限定-油亮黑丝秀玉足,天才少女李滇滇
小燃燃限定-吊带油亮丝袜秀玉足,天才少女李滇滇
VLOG ❤和朋友一起上游泳课❤ ——leeesovely,小逸观察
可爱和性感，你会怎么选？,宝蓝和玩具们
比基尼瑜伽 大开腿 此面向前~,Terry乄Lee
"超清4k实拍韩国性感<em class=""keyword"">美女</em>车模，丰满型我的最爱",被推到的高地
"【耶嘿<em class=""keyword"">美女</em>吃瓜04】全是B站瓜！60万粉UP凹秃嫚土豪定制流出！天降小桐宝私人订制流出连累自己封号！芊川一笑成为第一位官方认证福利姬！【耶嘿·精确5分钟】",耶嘿YeahHey
"爆笑咸猪手合集，小伙子被<em class=""keyword"">美女</em>使用美人计",啊阳搞笑影视
"/纯欲/ <em class=""keyword"">美女</em>合集",半点两袖清风
"<em class=""keyword"">美女</em>意外走光不知如何是好",影蜜电影
这是我能看的吗？这也太顶了！90,小跟班丶1
过审奇迹,粉狐狸-
"<em class=""keyword"">美女</em>挑战不用手脱掉内衣",UseKeeeee
上天了,起啥名字好呢11
妙妙的三分钟伸展瑜伽 粉色兔女郎丝袜装扮 | 妙妙miaomiaolegs,Terry乄Lee
守护天使 刺青赏析 | 黑男邱比特,Terry乄Lee
这声音谁顶得住...,球球别限流了
【Ann】迷你比基尼试穿分享,油土山车手
"每日必看：<em class=""keyword"">美女</em>视频合集",灰色的sheep
"<em class=""keyword"">美女</em>送走朋友后，立即和男朋友热情激吻，哇哇，你们看了千万别流口水，",这么瓜皮
发点你们喜欢的,喜欢涩涩的叔
菊地姫奈 餐厅魅惑写真,仁不求
模特 Ella | 比基尼写真 拍摄会,Terry乄Lee
艳阳天下 公园草坪上的瑜伽练习 | Mona Lisa Yoga,Terry乄Lee
"<em class=""keyword"">美女</em>合集1.0",小仙女對集中营
"【韩片频道】<em class=""keyword"">美女</em>上门收债，小伙没钱还，只好献出了自己的第一次",李沙雕讲故事
"<em class=""keyword"">美女</em>家中睡觉惨遭流氓入室强奸",汐汐爱兮兮
"恋爱单选题性感<em class=""keyword"">美女</em>精彩合集",夜雪山音
在家穿给你看,真的是充话费送的
降温了，看完能升温的性感视频！,酒酿Lily王
"丝袜<em class=""keyword"">美女</em>来袭",忘返回忆录
若隐若现，犹抱琵琶半遮面 | 这就是透光的魅力 | 透肉性感内衣试穿,Terry乄Lee
【辻梨理沙】是理想姐姐的化身！沉浸在魅力肉体中吧！,大漢冠軍侯的斥候
午夜场高能超欲肉搏名场面，舌吻的最高奥义~,指尖星彩
很那个的性感内搭们！,酒酿Lily王
"哥哥在房间忍辱负重，弟弟却在隔壁<em class=""keyword"">美女</em>怀中享艳福",樱花有动漫
"<em class=""keyword"">美女</em>热舞【宋曼可】",A美女收容所
这 才 叫 美 女 ！,鲁迅凛天下
『小仓优香』身材太顶了,Aboutfeeling-J
"【<em class=""keyword"">美女</em>换衣S2E6】劲爆台妹挑战不走光换比基尼，司机都看呆了，车都不开了！【耶嘿·精确5分钟】",耶嘿YeahHey
霏霏老师演示：如何在车上换装 |  转自：想入霏霏 Ms. Fei Fei,Terry乄Lee
真的什么都可以做的相亲,一坨海海草
小燃燃限定-油亮黑丝秀玉足,天才少女李滇滇
小燃燃限定-吊带油亮丝袜秀玉足,天才少女李滇滇
男b友们，说什么都要看的一集。,唐卡七
VLOG ❤和朋友一起上游泳课❤ ——leeesovely,小逸观察
"超清4k实拍韩国性感<em class=""keyword"">美女</em>车模，丰满型我的最爱",被推到的高地
比基尼瑜伽 大开腿 此面向前~,Terry乄Lee
"/纯欲/ <em class=""keyword"">美女</em>合集",半点两袖清风
可爱和性感，你会怎么选？,宝蓝和玩具们
"爆笑咸猪手合集，小伙子被<em class=""keyword"">美女</em>使用美人计",啊阳搞笑影视
"【耶嘿<em class=""keyword"">美女</em>吃瓜04】全是B站瓜！60万粉UP凹秃嫚土豪定制流出！天降小桐宝私人订制流出连累自己封号！芊川一笑成为第一位官方认证福利姬！【耶嘿·精确5分钟】",耶嘿YeahHey
"<em class=""keyword"">美女</em>意外走光不知如何是好",影蜜电影
过审奇迹,粉狐狸-
这是我能看的吗？这也太顶了！90,小跟班丶1
"<em class=""keyword"">美女</em>挑战不用手脱掉内衣",UseKeeeee
妙妙的三分钟伸展瑜伽 粉色兔女郎丝袜装扮 | 妙妙miaomiaolegs,Terry乄Lee
上天了,起啥名字好呢11
守护天使 刺青赏析 | 黑男邱比特,Terry乄Lee
【Ann】迷你比基尼试穿分享,油土山车手
发点你们喜欢的,喜欢涩涩的叔
"每日必看：<em class=""keyword"">美女</em>视频合集",灰色的sheep
菊地姫奈 餐厅魅惑写真,仁不求
模特 Ella | 比基尼写真 拍摄会,Terry乄Lee
艳阳天下 公园草坪上的瑜伽练习 | Mona Lisa Yoga,Terry乄Lee
"<em class=""keyword"">美女</em>合集1.0",小仙女對集中营
"【韩片频道】<em class=""keyword"">美女</em>上门收债，小伙没钱还，只好献出了自己的第一次",李沙雕讲故事
"<em class=""keyword"">美女</em>家中睡觉惨遭流氓入室强奸",汐汐爱兮兮
在家穿给你看,真的是充话费送的
"恋爱单选题性感<em class=""keyword"">美女</em>精彩合集",夜雪山音
"丝袜<em class=""keyword"">美女</em>来袭",忘返回忆录
若隐若现，犹抱琵琶半遮面 | 这就是透光的魅力 | 透肉性感内衣试穿,Terry乄Lee
降温了，看完能升温的性感视频！,酒酿Lily王
【辻梨理沙】是理想姐姐的化身！沉浸在魅力肉体中吧！,大漢冠軍侯的斥候
午夜场高能超欲肉搏名场面，舌吻的最高奥义~,指尖星彩
很那个的性感内搭们！,酒酿Lily王
"哥哥在房间忍辱负重，弟弟却在隔壁<em class=""keyword"">美女</em>怀中享艳福",樱花有动漫
"<em class=""keyword"">美女</em>热舞【宋曼可】",A美女收容所
这 才 叫 美 女 ！,鲁迅凛天下
"韩国大雷<em class=""keyword"">美女</em>雷颖11.18泳池比基尼回放_5",soop新星
『小仓优香』身材太顶了,Aboutfeeling-J
"【<em class=""keyword"">美女</em>换衣S2E6】劲爆台妹挑战不走光换比基尼，司机都看呆了，车都不开了！【耶嘿·精确5分钟】",耶嘿YeahHey
霏霏老师演示：如何在车上换装 |  转自：想入霏霏 Ms. Fei Fei,Terry乄Lee
真的什么都可以做的相亲,一坨海海草
小燃燃限定-油亮黑丝秀玉足,天才少女李滇滇
小燃燃限定-吊带油亮丝袜秀玉足,天才少女李滇滇
男b友们，说什么都要看的一集。,唐卡七
比基尼瑜伽 大开腿 此面向前~,Terry乄Lee
"超清4k实拍韩国性感<em class=""keyword"">美女</em>车模，丰满型我的最爱",被推到的高地
可爱和性感，你会怎么选？,宝蓝和玩具们
"【耶嘿<em class=""keyword"">美女</em>吃瓜04】全是B站瓜！60万粉UP凹秃嫚土豪定制流出！天降小桐宝私人订制流出连累自己封号！芊川一笑成为第一位官方认证福利姬！【耶嘿·精确5分钟】",耶嘿YeahHey
"爆笑咸猪手合集，小伙子被<em class=""keyword"">美女</em>使用美人计",啊阳搞笑影视
"/纯欲/ <em class=""keyword"">美女</em>合集",半点两袖清风
"<em class=""keyword"">美女</em>意外走光不知如何是好",影蜜电影
这是我能看的吗？这也太顶了！90,小跟班丶1
"<em class=""keyword"">美女</em>挑战不用手脱掉内衣",UseKeeeee
过审奇迹,粉狐狸-
上天了,起啥名字好呢11
妙妙的三分钟伸展瑜伽 粉色兔女郎丝袜装扮 | 妙妙miaomiaolegs,Terry乄Lee
守护天使 刺青赏析 | 黑男邱比特,Terry乄Lee
【Ann】迷你比基尼试穿分享,油土山车手
"每日必看：<em class=""keyword"">美女</em>视频合集",灰色的sheep
发点你们喜欢的,喜欢涩涩的叔
菊地姫奈 餐厅魅惑写真,仁不求
艳阳天下 公园草坪上的瑜伽练习 | Mona Lisa Yoga,Terry乄Lee
模特 Ella | 比基尼写真 拍摄会,Terry乄Lee
"<em class=""keyword"">美女</em>合集1.0",小仙女對集中营
"【韩片频道】<em class=""keyword"">美女</em>上门收债，小伙没钱还，只好献出了自己的第一次",李沙雕讲故事
"<em class=""keyword"">美女</em>家中睡觉惨遭流氓入室强奸",汐汐爱兮兮
在家穿给你看,真的是充话费送的
"恋爱单选题性感<em class=""keyword"">美女</em>精彩合集",夜雪山音
若隐若现，犹抱琵琶半遮面 | 这就是透光的魅力 | 透肉性感内衣试穿,Terry乄Lee
降温了，看完能升温的性感视频！,酒酿Lily王
"丝袜<em class=""keyword"">美女</em>来袭",忘返回忆录
【辻梨理沙】是理想姐姐的化身！沉浸在魅力肉体中吧！,大漢冠軍侯的斥候
午夜场高能超欲肉搏名场面，舌吻的最高奥义~,指尖星彩
很那个的性感内搭们！,酒酿Lily王
"哥哥在房间忍辱负重，弟弟却在隔壁<em class=""keyword"">美女</em>怀中享艳福",樱花有动漫
"<em class=""keyword"">美女</em>热舞【宋曼可】",A美女收容所
这 才 叫 美 女 ！,鲁迅凛天下
"韩国大雷<em class=""keyword"">美女</em>雷颖11.18泳池比基尼回放_5",soop新星
【耶嘿】台湾麻豆传媒公司艺人竟然参加过这么搞笑的综艺！有自信的女人才是正妹啊｜Bella。台湾综艺国光帮帮忙【精确5分钟】,耶嘿YeahHey
『小仓优香』身材太顶了,Aboutfeeling-J
"【<em class=""keyword"">美女</em>换衣S2E6】劲爆台妹挑战不走光换比基尼，司机都看呆了，车都不开了！【耶嘿·精确5分钟】",耶嘿YeahHey
霏霏老师演示：如何在车上换装 |  转自：想入霏霏 Ms. Fei Fei,Terry乄Lee
真的什么都可以做的相亲,一坨海海草
小燃燃限定-油亮黑丝秀玉足,天才少女李滇滇
小燃燃限定-吊带油亮丝袜秀玉足,天才少女李滇滇
比基尼瑜伽 大开腿 此面向前~,Terry乄Lee
"超清4k实拍韩国性感<em class=""keyword"">美女</em>车模，丰满型我的最爱",被推到的高地
可爱和性感，你会怎么选？,宝蓝和玩具们
"爆笑咸猪手合集，小伙子被<em class=""keyword"">美女</em>使用美人计",啊阳搞笑影视
"【耶嘿<em class=""keyword"">美女</em>吃瓜04】全是B站瓜！60万粉UP凹秃嫚土豪定制流出！天降小桐宝私人订制流出连累自己封号！芊川一笑成为第一位官方认证福利姬！【耶嘿·精确5分钟】",耶嘿YeahHey
"/纯欲/ <em class=""keyword"">美女</em>合集",半点两袖清风
"<em class=""keyword"">美女</em>意外走光不知如何是好",影蜜电影
这是我能看的吗？这也太顶了！90,小跟班丶1
"<em class=""keyword"">美女</em>挑战不用手脱掉内衣",UseKeeeee
过审奇迹,粉狐狸-
妙妙的三分钟伸展瑜伽 粉色兔女郎丝袜装扮 | 妙妙miaomiaolegs,Terry乄Lee
上天了,起啥名字好呢11
守护天使 刺青赏析 | 黑男邱比特,Terry乄Lee
【Ann】迷你比基尼试穿分享,油土山车手
"每日必看：<em class=""keyword"">美女</em>视频合集",灰色的sheep
发点你们喜欢的,喜欢涩涩的叔
菊地姫奈 餐厅魅惑写真,仁不求
艳阳天下 公园草坪上的瑜伽练习 | Mona Lisa Yoga,Terry乄Lee
"<em class=""keyword"">美女</em>合集1.0",小仙女對集中营
模特 Ella | 比基尼写真 拍摄会,Terry乄Lee
"【韩片频道】<em class=""keyword"">美女</em>上门收债，小伙没钱还，只好献出了自己的第一次",李沙雕讲故事
"<em class=""keyword"">美女</em>家中睡觉惨遭流氓入室强奸",汐汐爱兮兮
在家穿给你看,真的是充话费送的
"恋爱单选题性感<em class=""keyword"">美女</em>精彩合集",夜雪山音
若隐若现，犹抱琵琶半遮面 | 这就是透光的魅力 | 透肉性感内衣试穿,Terry乄Lee
降温了，看完能升温的性感视频！,酒酿Lily王
"丝袜<em class=""keyword"">美女</em>来袭",忘返回忆录
【辻梨理沙】是理想姐姐的化身！沉浸在魅力肉体中吧！,大漢冠軍侯的斥候
很那个的性感内搭们！,酒酿Lily王
午夜场高能超欲肉搏名场面，舌吻的最高奥义~,指尖星彩
"哥哥在房间忍辱负重，弟弟却在隔壁<em class=""keyword"">美女</em>怀中享艳福",樱花有动漫
"<em class=""keyword"">美女</em>热舞【宋曼可】",A美女收容所
这 才 叫 美 女 ！,鲁迅凛天下
"韩国大雷<em class=""keyword"">美女</em>雷颖11.18泳池比基尼回放_5",soop新星
【耶嘿】台湾麻豆传媒公司艺人竟然参加过这么搞笑的综艺！有自信的女人才是正妹啊｜Bella。台湾综艺国光帮帮忙【精确5分钟】,耶嘿YeahHey
"男人贪婪的吮吸着美腿，与<em class=""keyword"">美女</em>做了热身",童年的小卖铺
"【<em class=""keyword"">美女</em>换衣S2E6】劲爆台妹挑战不走光换比基尼，司机都看呆了，车都不开了！【耶嘿·精确5分钟】",耶嘿YeahHey
霏霏老师演示：如何在车上换装 |  转自：想入霏霏 Ms. Fei Fei,Terry乄Lee
真的什么都可以做的相亲,一坨海海草
超性感拉伸瑜伽 慷慨大方 | Katie Rain,Terry乄Lee
小燃燃限定-油亮黑丝秀玉足,天才少女李滇滇
小燃燃限定-吊带油亮丝袜秀玉足,天才少女李滇滇
比基尼瑜伽 大开腿 此面向前~,Terry乄Lee
"超清4k实拍韩国性感<em class=""keyword"">美女</em>车模，丰满型我的最爱",被推到的高地
可爱和性感，你会怎么选？,宝蓝和玩具们
"【耶嘿<em class=""keyword"">美女</em>吃瓜04】全是B站瓜！60万粉UP凹秃嫚土豪定制流出！天降小桐宝私人订制流出连累自己封号！芊川一笑成为第一位官方认证福利姬！【耶嘿·精确5分钟】",耶嘿YeahHey
"爆笑咸猪手合集，小伙子被<em class=""keyword"">美女</em>使用美人计",啊阳搞笑影视
"/纯欲/ <em class=""keyword"">美女</em>合集",半点两袖清风
"<em class=""keyword"">美女</em>意外走光不知如何是好",影蜜电影
"<em class=""keyword"">美女</em>挑战不用手脱掉内衣",UseKeeeee
这是我能看的吗？这也太顶了！90,小跟班丶1
过审奇迹,粉狐狸-
上天了,起啥名字好呢11
守护天使 刺青赏析 | 黑男邱比特,Terry乄Lee
妙妙的三分钟伸展瑜伽 粉色兔女郎丝袜装扮 | 妙妙miaomiaolegs,Terry乄Lee
【Ann】迷你比基尼试穿分享,油土山车手
"每日必看：<em class=""keyword"">美女</em>视频合集",灰色的sheep
发点你们喜欢的,喜欢涩涩的叔
菊地姫奈 餐厅魅惑写真,仁不求
艳阳天下 公园草坪上的瑜伽练习 | Mona Lisa Yoga,Terry乄Lee
模特 Ella | 比基尼写真 拍摄会,Terry乄Lee
"<em class=""keyword"">美女</em>合集1.0",小仙女對集中营
"【韩片频道】<em class=""keyword"">美女</em>上门收债，小伙没钱还，只好献出了自己的第一次",李沙雕讲故事
"<em class=""keyword"">美女</em>家中睡觉惨遭流氓入室强奸",汐汐爱兮兮
"恋爱单选题性感<em class=""keyword"">美女</em>精彩合集",夜雪山音
若隐若现，犹抱琵琶半遮面 | 这就是透光的魅力 | 透肉性感内衣试穿,Terry乄Lee
降温了，看完能升温的性感视频！,酒酿Lily王
"丝袜<em class=""keyword"">美女</em>来袭",忘返回忆录
在家穿给你看,真的是充话费送的
【辻梨理沙】是理想姐姐的化身！沉浸在魅力肉体中吧！,大漢冠軍侯的斥候
午夜场高能超欲肉搏名场面，舌吻的最高奥义~,指尖星彩
很那个的性感内搭们！,酒酿Lily王
"哥哥在房间忍辱负重，弟弟却在隔壁<em class=""keyword"">美女</em>怀中享艳福",樱花有动漫
"<em class=""keyword"">美女</em>热舞【宋曼可】",A美女收容所
这 才 叫 美 女 ！,鲁迅凛天下
"韩国大雷<em class=""keyword"">美女</em>雷颖11.18泳池比基尼回放_5",soop新星
【耶嘿】台湾麻豆传媒公司艺人竟然参加过这么搞笑的综艺！有自信的女人才是正妹啊｜Bella。台湾综艺国光帮帮忙【精确5分钟】,耶嘿YeahHey
【超高清6K】女警,摄影师姚佳俊
"【<em class=""keyword"">美女</em>换衣S2E6】劲爆台妹挑战不走光换比基尼，司机都看呆了，车都不开了！【耶嘿·精确5分钟】",耶嘿YeahHey
霏霏老师演示：如何在车上换装 |  转自：想入霏霏 Ms. Fei Fei,Terry乄Lee
真的什么都可以做的相亲,一坨海海草
超性感拉伸瑜伽 慷慨大方 | Katie Rain,Terry乄Lee
小燃燃限定-油亮黑丝秀玉足,天才少女李滇滇
小燃燃限定-吊带油亮丝袜秀玉足,天才少女李滇滇
一段很纯粹很性感的视频～,酒酿Lily王
男b友们，说什么都要看的一集。,唐卡七
比基尼瑜伽 大开腿 此面向前~,Terry乄Lee
"超清4k实拍韩国性感<em class=""keyword"">美女</em>车模，丰满型我的最爱",被推到的高地
可爱和性感，你会怎么选？,宝蓝和玩具们
"【耶嘿<em class=""keyword"">美女</em>吃瓜04】全是B站瓜！60万粉UP凹秃嫚土豪定制流出！天降小桐宝私人订制流出连累自己封号！芊川一笑成为第一位官方认证福利姬！【耶嘿·精确5分钟】",耶嘿YeahHey
"爆笑咸猪手合集，小伙子被<em class=""keyword"">美女</em>使用美人计",啊阳搞笑影视
"/纯欲/ <em class=""keyword"">美女</em>合集",半点两袖清风
"<em class=""keyword"">美女</em>意外走光不知如何是好",影蜜电影
"<em class=""keyword"">美女</em>挑战不用手脱掉内衣",UseKeeeee
这是我能看的吗？这也太顶了！90,小跟班丶1
过审奇迹,粉狐狸-
上天了,起啥名字好呢11
妙妙的三分钟伸展瑜伽 粉色兔女郎丝袜装扮 | 妙妙miaomiaolegs,Terry乄Lee
守护天使 刺青赏析 | 黑男邱比特,Terry乄Lee
【Ann】迷你比基尼试穿分享,油土山车手
"每日必看：<em class=""keyword"">美女</em>视频合集",灰色的sheep
发点你们喜欢的,喜欢涩涩的叔
菊地姫奈 餐厅魅惑写真,仁不求
艳阳天下 公园草坪上的瑜伽练习 | Mona Lisa Yoga,Terry乄Lee
模特 Ella | 比基尼写真 拍摄会,Terry乄Lee
"<em class=""keyword"">美女</em>合集1.0",小仙女對集中营
"【韩片频道】<em class=""keyword"">美女</em>上门收债，小伙没钱还，只好献出了自己的第一次",李沙雕讲故事
"<em class=""keyword"">美女</em>家中睡觉惨遭流氓入室强奸",汐汐爱兮兮
"恋爱单选题性感<em class=""keyword"">美女</em>精彩合集",夜雪山音
"丝袜<em class=""keyword"">美女</em>来袭",忘返回忆录
若隐若现，犹抱琵琶半遮面 | 这就是透光的魅力 | 透肉性感内衣试穿,Terry乄Lee
降温了，看完能升温的性感视频！,酒酿Lily王
在家穿给你看,真的是充话费送的
"哥哥在房间忍辱负重，弟弟却在隔壁<em class=""keyword"">美女</em>怀中享艳福",樱花有动漫
【辻梨理沙】是理想姐姐的化身！沉浸在魅力肉体中吧！,大漢冠軍侯的斥候
午夜场高能超欲肉搏名场面，舌吻的最高奥义~,指尖星彩
很那个的性感内搭们！,酒酿Lily王
"<em class=""keyword"">美女</em>热舞【宋曼可】",A美女收容所
这 才 叫 美 女 ！,鲁迅凛天下
"韩国大雷<em class=""keyword"">美女</em>雷颖11.18泳池比基尼回放_5",soop新星
"【<em class=""keyword"">美女</em>换衣S2E6】劲爆台妹挑战不走光换比基尼，司机都看呆了，车都不开了！【耶嘿·精确5分钟】",耶嘿YeahHey
霏霏老师演示：如何在车上换装 |  转自：想入霏霏 Ms. Fei Fei,Terry乄Lee
真的什么都可以做的相亲,一坨海海草
超性感拉伸瑜伽 慷慨大方 | Katie Rain,Terry乄Lee
小燃燃限定-油亮黑丝秀玉足,天才少女李滇滇
小燃燃限定-吊带油亮丝袜秀玉足,天才少女李滇滇
男b友们，说什么都要看的一集。,唐卡七
一段很纯粹很性感的视频～,酒酿Lily王
比基尼瑜伽 大开腿 此面向前~,Terry乄Lee
"超清4k实拍韩国性感<em class=""keyword"">美女</em>车模，丰满型我的最爱",被推到的高地
可爱和性感，你会怎么选？,宝蓝和玩具们
"【耶嘿<em class=""keyword"">美女</em>吃瓜04】全是B站瓜！60万粉UP凹秃嫚土豪定制流出！天降小桐宝私人订制流出连累自己封号！芊川一笑成为第一位官方认证福利姬！【耶嘿·精确5分钟】",耶嘿YeahHey
"爆笑咸猪手合集，小伙子被<em class=""keyword"">美女</em>使用美人计",啊阳搞笑影视
"/纯欲/ <em class=""keyword"">美女</em>合集",半点两袖清风
"<em class=""keyword"">美女</em>意外走光不知如何是好",影蜜电影
这是我能看的吗？这也太顶了！90,小跟班丶1
过审奇迹,粉狐狸-
"<em class=""keyword"">美女</em>挑战不用手脱掉内衣",UseKeeeee
上天了,起啥名字好呢11
守护天使 刺青赏析 | 黑男邱比特,Terry乄Lee
妙妙的三分钟伸展瑜伽 粉色兔女郎丝袜装扮 | 妙妙miaomiaolegs,Terry乄Lee
【Ann】迷你比基尼试穿分享,油土山车手
"每日必看：<em class=""keyword"">美女</em>视频合集",灰色的sheep
发点你们喜欢的,喜欢涩涩的叔
菊地姫奈 餐厅魅惑写真,仁不求
模特 Ella | 比基尼写真 拍摄会,Terry乄Lee
艳阳天下 公园草坪上的瑜伽练习 | Mona Lisa Yoga,Terry乄Lee
"<em class=""keyword"">美女</em>合集1.0",小仙女對集中营
"【韩片频道】<em class=""keyword"">美女</em>上门收债，小伙没钱还，只好献出了自己的第一次",李沙雕讲故事
"<em class=""keyword"">美女</em>家中睡觉惨遭流氓入室强奸",汐汐爱兮兮
在家穿给你看,真的是充话费送的
"恋爱单选题性感<em class=""keyword"">美女</em>精彩合集",夜雪山音
若隐若现，犹抱琵琶半遮面 | 这就是透光的魅力 | 透肉性感内衣试穿,Terry乄Lee
降温了，看完能升温的性感视频！,酒酿Lily王
"丝袜<em class=""keyword"">美女</em>来袭",忘返回忆录
【辻梨理沙】是理想姐姐的化身！沉浸在魅力肉体中吧！,大漢冠軍侯的斥候
午夜场高能超欲肉搏名场面，舌吻的最高奥义~,指尖星彩
很那个的性感内搭们！,酒酿Lily王
"哥哥在房间忍辱负重，弟弟却在隔壁<em class=""keyword"">美女</em>怀中享艳福",樱花有动漫
"<em class=""keyword"">美女</em>热舞【宋曼可】",A美女收容所
这 才 叫 美 女 ！,鲁迅凛天下
"韩国大雷<em class=""keyword"">美女</em>雷颖11.18泳池比基尼回放_5",soop新星
"【<em class=""keyword"">美女</em>换衣S2E6】劲爆台妹挑战不走光换比基尼，司机都看呆了，车都不开了！【耶嘿·精确5分钟】",耶嘿YeahHey
霏霏老师演示：如何在车上换装 |  转自：想入霏霏 Ms. Fei Fei,Terry乄Lee
真的什么都可以做的相亲,一坨海海草
超性感拉伸瑜伽 慷慨大方 | Katie Rain,Terry乄Lee
小燃燃限定-油亮黑丝秀玉足,天才少女李滇滇
小燃燃限定-吊带油亮丝袜秀玉足,天才少女李滇滇
一段很纯粹很性感的视频～,酒酿Lily王
"超清4k实拍韩国性感<em class=""keyword"">美女</em>车模，丰满型我的最爱",被推到的高地
男b友们，说什么都要看的一集。,唐卡七
比基尼瑜伽 大开腿 此面向前~,Terry乄Lee
可爱和性感，你会怎么选？,宝蓝和玩具们
"【耶嘿<em class=""keyword"">美女</em>吃瓜04】全是B站瓜！60万粉UP凹秃嫚土豪定制流出！天降小桐宝私人订制流出连累自己封号！芊川一笑成为第一位官方认证福利姬！【耶嘿·精确5分钟】",耶嘿YeahHey
"爆笑咸猪手合集，小伙子被<em class=""keyword"">美女</em>使用美人计",啊阳搞笑影视
"/纯欲/ <em class=""keyword"">美女</em>合集",半点两袖清风
"<em class=""keyword"">美女</em>意外走光不知如何是好",影蜜电影
"<em class=""keyword"">美女</em>挑战不用手脱掉内衣",UseKeeeee
这是我能看的吗？这也太顶了！90,小跟班丶1
过审奇迹,粉狐狸-
妙妙的三分钟伸展瑜伽 粉色兔女郎丝袜装扮 | 妙妙miaomiaolegs,Terry乄Lee
上天了,起啥名字好呢11
守护天使 刺青赏析 | 黑男邱比特,Terry乄Lee
【Ann】迷你比基尼试穿分享,油土山车手
"每日必看：<em class=""keyword"">美女</em>视频合集",灰色的sheep
发点你们喜欢的,喜欢涩涩的叔
菊地姫奈 餐厅魅惑写真,仁不求
艳阳天下 公园草坪上的瑜伽练习 | Mona Lisa Yoga,Terry乄Lee
"<em class=""keyword"">美女</em>合集1.0",小仙女對集中营
模特 Ella | 比基尼写真 拍摄会,Terry乄Lee
"【韩片频道】<em class=""keyword"">美女</em>上门收债，小伙没钱还，只好献出了自己的第一次",李沙雕讲故事
"<em class=""keyword"">美女</em>家中睡觉惨遭流氓入室强奸",汐汐爱兮兮
在家穿给你看,真的是充话费送的
"恋爱单选题性感<em class=""keyword"">美女</em>精彩合集",夜雪山音
"丝袜<em class=""keyword"">美女</em>来袭",忘返回忆录
降温了，看完能升温的性感视频！,酒酿Lily王
若隐若现，犹抱琵琶半遮面 | 这就是透光的魅力 | 透肉性感内衣试穿,Terry乄Lee
【辻梨理沙】是理想姐姐的化身！沉浸在魅力肉体中吧！,大漢冠軍侯的斥候
午夜场高能超欲肉搏名场面，舌吻的最高奥义~,指尖星彩
很那个的性感内搭们！,酒酿Lily王
"哥哥在房间忍辱负重，弟弟却在隔壁<em class=""keyword"">美女</em>怀中享艳福",樱花有动漫
"<em class=""keyword"">美女</em>热舞【宋曼可】",A美女收容所
这 才 叫 美 女 ！,鲁迅凛天下
"韩国大雷<em class=""keyword"">美女</em>雷颖11.18泳池比基尼回放_5",soop新星
『小仓优香』身材太顶了,Aboutfeeling-J
"【<em class=""keyword"">美女</em>换衣S2E6】劲爆台妹挑战不走光换比基尼，司机都看呆了，车都不开了！【耶嘿·精确5分钟】",耶嘿YeahHey
霏霏老师演示：如何在车上换装 |  转自：想入霏霏 Ms. Fei Fei,Terry乄Lee
真的什么都可以做的相亲,一坨海海草
小燃燃限定-油亮黑丝秀玉足,天才少女李滇滇
小燃燃限定-吊带油亮丝袜秀玉足,天才少女李滇滇
VLOG ❤和朋友一起上游泳课❤ ——leeesovely,小逸观察
男b友们，说什么都要看的一集。,唐卡七
比基尼瑜伽 大开腿 此面向前~,Terry乄Lee
"超清4k实拍韩国性感<em class=""keyword"">美女</em>车模，丰满型我的最爱",被推到的高地
可爱和性感，你会怎么选？,宝蓝和玩具们
"爆笑咸猪手合集，小伙子被<em class=""keyword"">美女</em>使用美人计",啊阳搞笑影视
"【耶嘿<em class=""keyword"">美女</em>吃瓜04】全是B站瓜！60万粉UP凹秃嫚土豪定制流出！天降小桐宝私人订制流出连累自己封号！芊川一笑成为第一位官方认证福利姬！【耶嘿·精确5分钟】",耶嘿YeahHey
"/纯欲/ <em class=""keyword"">美女</em>合集",半点两袖清风
"<em class=""keyword"">美女</em>意外走光不知如何是好",影蜜电影
这是我能看的吗？这也太顶了！90,小跟班丶1
"<em class=""keyword"">美女</em>挑战不用手脱掉内衣",UseKeeeee
过审奇迹,粉狐狸-
上天了,起啥名字好呢11
守护天使 刺青赏析 | 黑男邱比特,Terry乄Lee
妙妙的三分钟伸展瑜伽 粉色兔女郎丝袜装扮 | 妙妙miaomiaolegs,Terry乄Lee
【Ann】迷你比基尼试穿分享,油土山车手
"每日必看：<em class=""keyword"">美女</em>视频合集",灰色的sheep
发点你们喜欢的,喜欢涩涩的叔
菊地姫奈 餐厅魅惑写真,仁不求
艳阳天下 公园草坪上的瑜伽练习 | Mona Lisa Yoga,Terry乄Lee
模特 Ella | 比基尼写真 拍摄会,Terry乄Lee
"<em class=""keyword"">美女</em>合集1.0",小仙女對集中营
"【韩片频道】<em class=""keyword"">美女</em>上门收债，小伙没钱还，只好献出了自己的第一次",李沙雕讲故事
"<em class=""keyword"">美女</em>家中睡觉惨遭流氓入室强奸",汐汐爱兮兮
在家穿给你看,真的是充话费送的
"恋爱单选题性感<em class=""keyword"">美女</em>精彩合集",夜雪山音
若隐若现，犹抱琵琶半遮面 | 这就是透光的魅力 | 透肉性感内衣试穿,Terry乄Lee
降温了，看完能升温的性感视频！,酒酿Lily王
"丝袜<em class=""keyword"">美女</em>来袭",忘返回忆录
【辻梨理沙】是理想姐姐的化身！沉浸在魅力肉体中吧！,大漢冠軍侯的斥候
午夜场高能超欲肉搏名场面，舌吻的最高奥义~,指尖星彩
很那个的性感内搭们！,酒酿Lily王
"哥哥在房间忍辱负重，弟弟却在隔壁<em class=""keyword"">美女</em>怀中享艳福",樱花有动漫
"<em class=""keyword"">美女</em>热舞【宋曼可】",A美女收容所
这 才 叫 美 女 ！,鲁迅凛天下
"韩国大雷<em class=""keyword"">美女</em>雷颖11.18泳池比基尼回放_5",soop新星
『小仓优香』身材太顶了,Aboutfeeling-J
"【<em class=""keyword"">美女</em>换衣S2E6】劲爆台妹挑战不走光换比基尼，司机都看呆了，车都不开了！【耶嘿·精确5分钟】",耶嘿YeahHey
霏霏老师演示：如何在车上换装 |  转自：想入霏霏 Ms. Fei Fei,Terry乄Lee
真的什么都可以做的相亲,一坨海海草
小燃燃限定-油亮黑丝秀玉足,天才少女李滇滇
小燃燃限定-吊带油亮丝袜秀玉足,天才少女李滇滇
VLOG ❤和朋友一起上游泳课❤ ——leeesovely,小逸观察
男b友们，说什么都要看的一集。,唐卡七
比基尼瑜伽 大开腿 此面向前~,Terry乄Lee
"超清4k实拍韩国性感<em class=""keyword"">美女</em>车模，丰满型我的最爱",被推到的高地
可爱和性感，你会怎么选？,宝蓝和玩具们
"【耶嘿<em class=""keyword"">美女</em>吃瓜04】全是B站瓜！60万粉UP凹秃嫚土豪定制流出！天降小桐宝私人订制流出连累自己封号！芊川一笑成为第一位官方认证福利姬！【耶嘿·精确5分钟】",耶嘿YeahHey
"爆笑咸猪手合集，小伙子被<em class=""keyword"">美女</em>使用美人计",啊阳搞笑影视
"/纯欲/ <em class=""keyword"">美女</em>合集",半点两袖清风
"<em class=""keyword"">美女</em>意外走光不知如何是好",影蜜电影
这是我能看的吗？这也太顶了！90,小跟班丶1
"<em class=""keyword"">美女</em>挑战不用手脱掉内衣",UseKeeeee
过审奇迹,粉狐狸-
上天了,起啥名字好呢11
【Ann】迷你比基尼试穿分享,油土山车手
妙妙的三分钟伸展瑜伽 粉色兔女郎丝袜装扮 | 妙妙miaomiaolegs,Terry乄Lee
守护天使 刺青赏析 | 黑男邱比特,Terry乄Lee
"每日必看：<em class=""keyword"">美女</em>视频合集",灰色的sheep
菊地姫奈 餐厅魅惑写真,仁不求
发点你们喜欢的,喜欢涩涩的叔
艳阳天下 公园草坪上的瑜伽练习 | Mona Lisa Yoga,Terry乄Lee
模特 Ella | 比基尼写真 拍摄会,Terry乄Lee
"<em class=""keyword"">美女</em>合集1.0",小仙女對集中营
"【韩片频道】<em class=""keyword"">美女</em>上门收债，小伙没钱还，只好献出了自己的第一次",李沙雕讲故事
"<em class=""keyword"">美女</em>家中睡觉惨遭流氓入室强奸",汐汐爱兮兮
在家穿给你看,真的是充话费送的
"恋爱单选题性感<em class=""keyword"">美女</em>精彩合集",夜雪山音
"丝袜<em class=""keyword"">美女</em>来袭",忘返回忆录
若隐若现，犹抱琵琶半遮面 | 这就是透光的魅力 | 透肉性感内衣试穿,Terry乄Lee
降温了，看完能升温的性感视频！,酒酿Lily王
【辻梨理沙】是理想姐姐的化身！沉浸在魅力肉体中吧！,大漢冠軍侯的斥候
午夜场高能超欲肉搏名场面，舌吻的最高奥义~,指尖星彩
很那个的性感内搭们！,酒酿Lily王
"哥哥在房间忍辱负重，弟弟却在隔壁<em class=""keyword"">美女</em>怀中享艳福",樱花有动漫
"<em class=""keyword"">美女</em>热舞【宋曼可】",A美女收容所
这 才 叫 美 女 ！,鲁迅凛天下
"韩国大雷<em class=""keyword"">美女</em>雷颖11.18泳池比基尼回放_5",soop新星
『小仓优香』身材太顶了,Aboutfeeling-J
"【<em class=""keyword"">美女</em>换衣S2E6】劲爆台妹挑战不走光换比基尼，司机都看呆了，车都不开了！【耶嘿·精确5分钟】",耶嘿YeahHey
霏霏老师演示：如何在车上换装 |  转自：想入霏霏 Ms. Fei Fei,Terry乄Lee
真的什么都可以做的相亲,一坨海海草
小燃燃限定-油亮黑丝秀玉足,天才少女李滇滇
小燃燃限定-吊带油亮丝袜秀玉足,天才少女李滇滇
一段很纯粹很性感的视频～,酒酿Lily王
VLOG ❤和朋友一起上游泳课❤ ——leeesovely,小逸观察
比基尼瑜伽 大开腿 此面向前~,Terry乄Lee
"超清4k实拍韩国性感<em class=""keyword"">美女</em>车模，丰满型我的最爱",被推到的高地
可爱和性感，你会怎么选？,宝蓝和玩具们
"【耶嘿<em class=""keyword"">美女</em>吃瓜04】全是B站瓜！60万粉UP凹秃嫚土豪定制流出！天降小桐宝私人订制流出连累自己封号！芊川一笑成为第一位官方认证福利姬！【耶嘿·精确5分钟】",耶嘿YeahHey
"爆笑咸猪手合集，小伙子被<em class=""keyword"">美女</em>使用美人计",啊阳搞笑影视
"/纯欲/ <em class=""keyword"">美女</em>合集",半点两袖清风
"<em class=""keyword"">美女</em>意外走光不知如何是好",影蜜电影
这是我能看的吗？这也太顶了！90,小跟班丶1
过审奇迹,粉狐狸-
"<em class=""keyword"">美女</em>挑战不用手脱掉内衣",UseKeeeee
上天了,起啥名字好呢11
妙妙的三分钟伸展瑜伽 粉色兔女郎丝袜装扮 | 妙妙miaomiaolegs,Terry乄Lee
守护天使 刺青赏析 | 黑男邱比特,Terry乄Lee
【Ann】迷你比基尼试穿分享,油土山车手
"每日必看：<em class=""keyword"">美女</em>视频合集",灰色的sheep
菊地姫奈 餐厅魅惑写真,仁不求
模特 Ella | 比基尼写真 拍摄会,Terry乄Lee
艳阳天下 公园草坪上的瑜伽练习 | Mona Lisa Yoga,Terry乄Lee
"<em class=""keyword"">美女</em>合集1.0",小仙女對集中营
"【韩片频道】<em class=""keyword"">美女</em>上门收债，小伙没钱还，只好献出了自己的第一次",李沙雕讲故事
"<em class=""keyword"">美女</em>家中睡觉惨遭流氓入室强奸",汐汐爱兮兮
在家穿给你看,真的是充话费送的
"恋爱单选题性感<em class=""keyword"">美女</em>精彩合集",夜雪山音
降温了，看完能升温的性感视频！,酒酿Lily王
"丝袜<em class=""keyword"">美女</em>来袭",忘返回忆录
若隐若现，犹抱琵琶半遮面 | 这就是透光的魅力 | 透肉性感内衣试穿,Terry乄Lee
【辻梨理沙】是理想姐姐的化身！沉浸在魅力肉体中吧！,大漢冠軍侯的斥候
午夜场高能超欲肉搏名场面，舌吻的最高奥义~,指尖星彩
很那个的性感内搭们！,酒酿Lily王
"哥哥在房间忍辱负重，弟弟却在隔壁<em class=""keyword"">美女</em>怀中享艳福",樱花有动漫
"<em class=""keyword"">美女</em>热舞【宋曼可】",A美女收容所
这 才 叫 美 女 ！,鲁迅凛天下
"韩国大雷<em class=""keyword"">美女</em>雷颖11.18泳池比基尼回放_5",soop新星
【耶嘿】台湾麻豆传媒公司艺人竟然参加过这么搞笑的综艺！有自信的女人才是正妹啊｜Bella。台湾综艺国光帮帮忙【精确5分钟】,耶嘿YeahHey
"【<em class=""keyword"">美女</em>换衣S2E6】劲爆台妹挑战不走光换比基尼，司机都看呆了，车都不开了！【耶嘿·精确5分钟】",耶嘿YeahHey
霏霏老师演示：如何在车上换装 |  转自：想入霏霏 Ms. Fei Fei,Terry乄Lee
真的什么都可以做的相亲,一坨海海草
超性感拉伸瑜伽 慷慨大方 | Katie Rain,Terry乄Lee
小燃燃限定-油亮黑丝秀玉足,天才少女李滇滇
小燃燃限定-吊带油亮丝袜秀玉足,天才少女李滇滇
【Ruby May】BLACKBOUGH 比基尼泳衣试穿 Part Two,油土山车手
VLOG ❤和朋友一起上游泳课❤ ——leeesovely,小逸观察
男b友们，说什么都要看的一集。,唐卡七
一段很纯粹很性感的视频～,酒酿Lily王
"男子一直盯着<em class=""keyword"">美女</em>，忍不住强吻了<em class=""keyword"">美女</em>，<em class=""keyword"">美女</em>也主动配合",这么瓜皮
比基尼瑜伽 大开腿 此面向前~,Terry乄Lee
可爱和性感，你会怎么选？,宝蓝和玩具们
"超清4k实拍韩国性感<em class=""keyword"">美女</em>车模，丰满型我的最爱",被推到的高地
"爆笑咸猪手合集，小伙子被<em class=""keyword"">美女</em>使用美人计",啊阳搞笑影视
"【耶嘿<em class=""keyword"">美女</em>吃瓜04】全是B站瓜！60万粉UP凹秃嫚土豪定制流出！天降小桐宝私人订制流出连累自己封号！芊川一笑成为第一位官方认证福利姬！【耶嘿·精确5分钟】",耶嘿YeahHey
"/纯欲/ <em class=""keyword"">美女</em>合集",半点两袖清风
"<em class=""keyword"">美女</em>意外走光不知如何是好",影蜜电影
这是我能看的吗？这也太顶了！90,小跟班丶1
过审奇迹,粉狐狸-
"<em class=""keyword"">美女</em>挑战不用手脱掉内衣",UseKeeeee
上天了,起啥名字好呢11
妙妙的三分钟伸展瑜伽 粉色兔女郎丝袜装扮 | 妙妙miaomiaolegs,Terry乄Lee
守护天使 刺青赏析 | 黑男邱比特,Terry乄Lee
【Ann】迷你比基尼试穿分享,油土山车手
"每日必看：<em class=""keyword"">美女</em>视频合集",灰色的sheep
发点你们喜欢的,喜欢涩涩的叔
菊地姫奈 餐厅魅惑写真,仁不求
艳阳天下 公园草坪上的瑜伽练习 | Mona Lisa Yoga,Terry乄Lee
模特 Ella | 比基尼写真 拍摄会,Terry乄Lee
"<em class=""keyword"">美女</em>合集1.0",小仙女對集中营
"【韩片频道】<em class=""keyword"">美女</em>上门收债，小伙没钱还，只好献出了自己的第一次",李沙雕讲故事
"<em class=""keyword"">美女</em>家中睡觉惨遭流氓入室强奸",汐汐爱兮兮
在家穿给你看,真的是充话费送的
"恋爱单选题性感<em class=""keyword"">美女</em>精彩合集",夜雪山音
若隐若现，犹抱琵琶半遮面 | 这就是透光的魅力 | 透肉性感内衣试穿,Terry乄Lee
降温了，看完能升温的性感视频！,酒酿Lily王
"丝袜<em class=""keyword"">美女</em>来袭",忘返回忆录
【辻梨理沙】是理想姐姐的化身！沉浸在魅力肉体中吧！,大漢冠軍侯的斥候
午夜场高能超欲肉搏名场面，舌吻的最高奥义~,指尖星彩
很那个的性感内搭们！,酒酿Lily王
"哥哥在房间忍辱负重，弟弟却在隔壁<em class=""keyword"">美女</em>怀中享艳福",樱花有动漫
『小仓优香』身材太顶了,Aboutfeeling-J
"【<em class=""keyword"">美女</em>换衣S2E6】劲爆台妹挑战不走光换比基尼，司机都看呆了，车都不开了！【耶嘿·精确5分钟】",耶嘿YeahHey
霏霏老师演示：如何在车上换装 |  转自：想入霏霏 Ms. Fei Fei,Terry乄Lee
真的什么都可以做的相亲,一坨海海草
小燃燃限定-油亮黑丝秀玉足,天才少女李滇滇
小燃燃限定-吊带油亮丝袜秀玉足,天才少女李滇滇
VLOG ❤和朋友一起上游泳课❤ ——leeesovely,小逸观察
比基尼瑜伽 大开腿 此面向前~,Terry乄Lee
"超清4k实拍韩国性感<em class=""keyword"">美女</em>车模，丰满型我的最爱",被推到的高地
可爱和性感，你会怎么选？,宝蓝和玩具们
"【耶嘿<em class=""keyword"">美女</em>吃瓜04】全是B站瓜！60万粉UP凹秃嫚土豪定制流出！天降小桐宝私人订制流出连累自己封号！芊川一笑成为第一位官方认证福利姬！【耶嘿·精确5分钟】",耶嘿YeahHey
"爆笑咸猪手合集，小伙子被<em class=""keyword"">美女</em>使用美人计",啊阳搞笑影视
"/纯欲/ <em class=""keyword"">美女</em>合集",半点两袖清风
"<em class=""keyword"">美女</em>意外走光不知如何是好",影蜜电影
这是我能看的吗？这也太顶了！90,小跟班丶1
过审奇迹,粉狐狸-
"<em class=""keyword"">美女</em>挑战不用手脱掉内衣",UseKeeeee
上天了,起啥名字好呢11
妙妙的三分钟伸展瑜伽 粉色兔女郎丝袜装扮 | 妙妙miaomiaolegs,Terry乄Lee
守护天使 刺青赏析 | 黑男邱比特,Terry乄Lee
【Ann】迷你比基尼试穿分享,油土山车手
"每日必看：<em class=""keyword"">美女</em>视频合集",灰色的sheep
发点你们喜欢的,喜欢涩涩的叔
菊地姫奈 餐厅魅惑写真,仁不求
模特 Ella | 比基尼写真 拍摄会,Terry乄Lee
艳阳天下 公园草坪上的瑜伽练习 | Mona Lisa Yoga,Terry乄Lee
"<em class=""keyword"">美女</em>合集1.0",小仙女對集中营
"【韩片频道】<em class=""keyword"">美女</em>上门收债，小伙没钱还，只好献出了自己的第一次",李沙雕讲故事
"<em class=""keyword"">美女</em>家中睡觉惨遭流氓入室强奸",汐汐爱兮兮
在家穿给你看,真的是充话费送的
"恋爱单选题性感<em class=""keyword"">美女</em>精彩合集",夜雪山音
降温了，看完能升温的性感视频！,酒酿Lily王
"丝袜<em class=""keyword"">美女</em>来袭",忘返回忆录
很那个的性感内搭们！,酒酿Lily王
若隐若现，犹抱琵琶半遮面 | 这就是透光的魅力 | 透肉性感内衣试穿,Terry乄Lee
【辻梨理沙】是理想姐姐的化身！沉浸在魅力肉体中吧！,大漢冠軍侯的斥候
午夜场高能超欲肉搏名场面，舌吻的最高奥义~,指尖星彩
"哥哥在房间忍辱负重，弟弟却在隔壁<em class=""keyword"">美女</em>怀中享艳福",樱花有动漫
"<em class=""keyword"">美女</em>热舞【宋曼可】",A美女收容所
这 才 叫 美 女 ！,鲁迅凛天下
"韩国大雷<em class=""keyword"">美女</em>雷颖11.18泳池比基尼回放_5",soop新星
【耶嘿】台湾麻豆传媒公司艺人竟然参加过这么搞笑的综艺！有自信的女人才是正妹啊｜Bella。台湾综艺国光帮帮忙【精确5分钟】,耶嘿YeahHey
"【<em class=""keyword"">美女</em>换衣S2E6】劲爆台妹挑战不走光换比基尼，司机都看呆了，车都不开了！【耶嘿·精确5分钟】",耶嘿YeahHey
霏霏老师演示：如何在车上换装 |  转自：想入霏霏 Ms. Fei Fei,Terry乄Lee
真的什么都可以做的相亲,一坨海海草
超性感拉伸瑜伽 慷慨大方 | Katie Rain,Terry乄Lee
小燃燃限定-油亮黑丝秀玉足,天才少女李滇滇
小燃燃限定-吊带油亮丝袜秀玉足,天才少女李滇滇
"超清4k实拍韩国性感<em class=""keyword"">美女</em>车模，丰满型我的最爱",被推到的高地
可爱和性感，你会怎么选？,宝蓝和玩具们
"【耶嘿<em class=""keyword"">美女</em>吃瓜04】全是B站瓜！60万粉UP凹秃嫚土豪定制流出！天降小桐宝私人订制流出连累自己封号！芊川一笑成为第一位官方认证福利姬！【耶嘿·精确5分钟】",耶嘿YeahHey
"爆笑咸猪手合集，小伙子被<em class=""keyword"">美女</em>使用美人计",啊阳搞笑影视
"/纯欲/ <em class=""keyword"">美女</em>合集",半点两袖清风
"<em class=""keyword"">美女</em>意外走光不知如何是好",影蜜电影
"<em class=""keyword"">美女</em>挑战不用手脱掉内衣",UseKeeeee
这是我能看的吗？这也太顶了！90,小跟班丶1
过审奇迹,粉狐狸-
上天了,起啥名字好呢11
妙妙的三分钟伸展瑜伽 粉色兔女郎丝袜装扮 | 妙妙miaomiaolegs,Terry乄Lee
守护天使 刺青赏析 | 黑男邱比特,Terry乄Lee
【Ann】迷你比基尼试穿分享,油土山车手
"每日必看：<em class=""keyword"">美女</em>视频合集",灰色的sheep
发点你们喜欢的,喜欢涩涩的叔
菊地姫奈 餐厅魅惑写真,仁不求
艳阳天下 公园草坪上的瑜伽练习 | Mona Lisa Yoga,Terry乄Lee
模特 Ella | 比基尼写真 拍摄会,Terry乄Lee
"<em class=""keyword"">美女</em>合集1.0",小仙女對集中营
"【韩片频道】<em class=""keyword"">美女</em>上门收债，小伙没钱还，只好献出了自己的第一次",李沙雕讲故事
"<em class=""keyword"">美女</em>家中睡觉惨遭流氓入室强奸",汐汐爱兮兮
"恋爱单选题性感<em class=""keyword"">美女</em>精彩合集",夜雪山音
降温了，看完能升温的性感视频！,酒酿Lily王
"丝袜<em class=""keyword"">美女</em>来袭",忘返回忆录
在家穿给你看,真的是充话费送的
若隐若现，犹抱琵琶半遮面 | 这就是透光的魅力 | 透肉性感内衣试穿,Terry乄Lee
【辻梨理沙】是理想姐姐的化身！沉浸在魅力肉体中吧！,大漢冠軍侯的斥候
午夜场高能超欲肉搏名场面，舌吻的最高奥义~,指尖星彩
很那个的性感内搭们！,酒酿Lily王
"哥哥在房间忍辱负重，弟弟却在隔壁<em class=""keyword"">美女</em>怀中享艳福",樱花有动漫
"<em class=""keyword"">美女</em>热舞【宋曼可】",A美女收容所
这 才 叫 美 女 ！,鲁迅凛天下
"男人贪婪的吮吸着美腿，与<em class=""keyword"">美女</em>做了热身",童年的小卖铺
"韩国大雷<em class=""keyword"">美女</em>雷颖11.18泳池比基尼回放_5",soop新星
【耶嘿】台湾麻豆传媒公司艺人竟然参加过这么搞笑的综艺！有自信的女人才是正妹啊｜Bella。台湾综艺国光帮帮忙【精确5分钟】,耶嘿YeahHey
【超高清6K】女警,摄影师姚佳俊
『小仓优香』身材太顶了,Aboutfeeling-J
"【<em class=""keyword"">美女</em>换衣S2E6】劲爆台妹挑战不走光换比基尼，司机都看呆了，车都不开了！【耶嘿·精确5分钟】",耶嘿YeahHey
霏霏老师演示：如何在车上换装 |  转自：想入霏霏 Ms. Fei Fei,Terry乄Lee
真的什么都可以做的相亲,一坨海海草
小燃燃限定-油亮黑丝秀玉足,天才少女李滇滇
小燃燃限定-吊带油亮丝袜秀玉足,天才少女李滇滇
VLOG ❤和朋友一起上游泳课❤ ——leeesovely,小逸观察
"超清4k实拍韩国性感<em class=""keyword"">美女</em>车模，丰满型我的最爱",被推到的高地
比基尼瑜伽 大开腿 此面向前~,Terry乄Lee
可爱和性感，你会怎么选？,宝蓝和玩具们
"/纯欲/ <em class=""keyword"">美女</em>合集",半点两袖清风
"【耶嘿<em class=""keyword"">美女</em>吃瓜04】全是B站瓜！60万粉UP凹秃嫚土豪定制流出！天降小桐宝私人订制流出连累自己封号！芊川一笑成为第一位官方认证福利姬！【耶嘿·精确5分钟】",耶嘿YeahHey
"爆笑咸猪手合集，小伙子被<em class=""keyword"">美女</em>使用美人计",啊阳搞笑影视
"<em class=""keyword"">美女</em>意外走光不知如何是好",影蜜电影
这是我能看的吗？这也太顶了！90,小跟班丶1
"<em class=""keyword"">美女</em>挑战不用手脱掉内衣",UseKeeeee
过审奇迹,粉狐狸-
妙妙的三分钟伸展瑜伽 粉色兔女郎丝袜装扮 | 妙妙miaomiaolegs,Terry乄Lee
上天了,起啥名字好呢11
守护天使 刺青赏析 | 黑男邱比特,Terry乄Lee
这声音谁顶得住...,球球别限流了
【Ann】迷你比基尼试穿分享,油土山车手
发点你们喜欢的,喜欢涩涩的叔
"每日必看：<em class=""keyword"">美女</em>视频合集",灰色的sheep
菊地姫奈 餐厅魅惑写真,仁不求
what fuc＊＊⁉️我不理解,林夕丶快跑鸭
模特 Ella | 比基尼写真 拍摄会,Terry乄Lee
艳阳天下 公园草坪上的瑜伽练习 | Mona Lisa Yoga,Terry乄Lee
"<em class=""keyword"">美女</em>合集1.0",小仙女對集中营
"【韩片频道】<em class=""keyword"">美女</em>上门收债，小伙没钱还，只好献出了自己的第一次",李沙雕讲故事
"<em class=""keyword"">美女</em>家中睡觉惨遭流氓入室强奸",汐汐爱兮兮
在家穿给你看,真的是充话费送的
"恋爱单选题性感<em class=""keyword"">美女</em>精彩合集",夜雪山音
"丝袜<em class=""keyword"">美女</em>来袭",忘返回忆录
若隐若现，犹抱琵琶半遮面 | 这就是透光的魅力 | 透肉性感内衣试穿,Terry乄Lee
降温了，看完能升温的性感视频！,酒酿Lily王
【辻梨理沙】是理想姐姐的化身！沉浸在魅力肉体中吧！,大漢冠軍侯的斥候
午夜场高能超欲肉搏名场面，舌吻的最高奥义~,指尖星彩
很那个的性感内搭们！,酒酿Lily王
"哥哥在房间忍辱负重，弟弟却在隔壁<em class=""keyword"">美女</em>怀中享艳福",樱花有动漫
"<em class=""keyword"">美女</em>热舞【宋曼可】",A美女收容所
这 才 叫 美 女 ！,鲁迅凛天下
"【<em class=""keyword"">美女</em>换衣S2E6】劲爆台妹挑战不走光换比基尼，司机都看呆了，车都不开了！【耶嘿·精确5分钟】",耶嘿YeahHey
霏霏老师演示：如何在车上换装 |  转自：想入霏霏 Ms. Fei Fei,Terry乄Lee
真的什么都可以做的相亲,一坨海海草
超性感拉伸瑜伽 慷慨大方 | Katie Rain,Terry乄Lee
小燃燃限定-油亮黑丝秀玉足,天才少女李滇滇
小燃燃限定-吊带油亮丝袜秀玉足,天才少女李滇滇
VLOG ❤和朋友一起上游泳课❤ ——leeesovely,小逸观察
比基尼瑜伽 大开腿 此面向前~,Terry乄Lee
"超清4k实拍韩国性感<em class=""keyword"">美女</em>车模，丰满型我的最爱",被推到的高地
可爱和性感，你会怎么选？,宝蓝和玩具们
"【耶嘿<em class=""keyword"">美女</em>吃瓜04】全是B站瓜！60万粉UP凹秃嫚土豪定制流出！天降小桐宝私人订制流出连累自己封号！芊川一笑成为第一位官方认证福利姬！【耶嘿·精确5分钟】",耶嘿YeahHey
"爆笑咸猪手合集，小伙子被<em class=""keyword"">美女</em>使用美人计",啊阳搞笑影视
"/纯欲/ <em class=""keyword"">美女</em>合集",半点两袖清风
"<em class=""keyword"">美女</em>意外走光不知如何是好",影蜜电影
"<em class=""keyword"">美女</em>挑战不用手脱掉内衣",UseKeeeee
过审奇迹,粉狐狸-
这是我能看的吗？这也太顶了！90,小跟班丶1
上天了,起啥名字好呢11
妙妙的三分钟伸展瑜伽 粉色兔女郎丝袜装扮 | 妙妙miaomiaolegs,Terry乄Lee
守护天使 刺青赏析 | 黑男邱比特,Terry乄Lee
【Ann】迷你比基尼试穿分享,油土山车手
"每日必看：<em class=""keyword"">美女</em>视频合集",灰色的sheep
发点你们喜欢的,喜欢涩涩的叔
菊地姫奈 餐厅魅惑写真,仁不求
艳阳天下 公园草坪上的瑜伽练习 | Mona Lisa Yoga,Terry乄Lee
"<em class=""keyword"">美女</em>合集1.0",小仙女對集中营
模特 Ella | 比基尼写真 拍摄会,Terry乄Lee
"【韩片频道】<em class=""keyword"">美女</em>上门收债，小伙没钱还，只好献出了自己的第一次",李沙雕讲故事
"<em class=""keyword"">美女</em>家中睡觉惨遭流氓入室强奸",汐汐爱兮兮
在家穿给你看,真的是充话费送的
"恋爱单选题性感<em class=""keyword"">美女</em>精彩合集",夜雪山音
"丝袜<em class=""keyword"">美女</em>来袭",忘返回忆录
若隐若现，犹抱琵琶半遮面 | 这就是透光的魅力 | 透肉性感内衣试穿,Terry乄Lee
降温了，看完能升温的性感视频！,酒酿Lily王
【辻梨理沙】是理想姐姐的化身！沉浸在魅力肉体中吧！,大漢冠軍侯的斥候
很那个的性感内搭们！,酒酿Lily王
午夜场高能超欲肉搏名场面，舌吻的最高奥义~,指尖星彩
"哥哥在房间忍辱负重，弟弟却在隔壁<em class=""keyword"">美女</em>怀中享艳福",樱花有动漫
"<em class=""keyword"">美女</em>热舞【宋曼可】",A美女收容所
这 才 叫 美 女 ！,鲁迅凛天下
"韩国大雷<em class=""keyword"">美女</em>雷颖11.18泳池比基尼回放_5",soop新星
【耶嘿】台湾麻豆传媒公司艺人竟然参加过这么搞笑的综艺！有自信的女人才是正妹啊｜Bella。台湾综艺国光帮帮忙【精确5分钟】,耶嘿YeahHey
『小仓优香』身材太顶了,Aboutfeeling-J
"【<em class=""keyword"">美女</em>换衣S2E6】劲爆台妹挑战不走光换比基尼，司机都看呆了，车都不开了！【耶嘿·精确5分钟】",耶嘿YeahHey
霏霏老师演示：如何在车上换装 |  转自：想入霏霏 Ms. Fei Fei,Terry乄Lee
真的什么都可以做的相亲,一坨海海草
小燃燃限定-油亮黑丝秀玉足,天才少女李滇滇
小燃燃限定-吊带油亮丝袜秀玉足,天才少女李滇滇
男b友们，说什么都要看的一集。,唐卡七
VLOG ❤和朋友一起上游泳课❤ ——leeesovely,小逸观察
"超清4k实拍韩国性感<em class=""keyword"">美女</em>车模，丰满型我的最爱",被推到的高地
比基尼瑜伽 大开腿 此面向前~,Terry乄Lee
可爱和性感，你会怎么选？,宝蓝和玩具们
"/纯欲/ <em class=""keyword"">美女</em>合集",半点两袖清风
"爆笑咸猪手合集，小伙子被<em class=""keyword"">美女</em>使用美人计",啊阳搞笑影视
"【耶嘿<em class=""keyword"">美女</em>吃瓜04】全是B站瓜！60万粉UP凹秃嫚土豪定制流出！天降小桐宝私人订制流出连累自己封号！芊川一笑成为第一位官方认证福利姬！【耶嘿·精确5分钟】",耶嘿YeahHey
"<em class=""keyword"">美女</em>意外走光不知如何是好",影蜜电影
这是我能看的吗？这也太顶了！90,小跟班丶1
"<em class=""keyword"">美女</em>挑战不用手脱掉内衣",UseKeeeee
过审奇迹,粉狐狸-
妙妙的三分钟伸展瑜伽 粉色兔女郎丝袜装扮 | 妙妙miaomiaolegs,Terry乄Lee
上天了,起啥名字好呢11
守护天使 刺青赏析 | 黑男邱比特,Terry乄Lee
【Ann】迷你比基尼试穿分享,油土山车手
发点你们喜欢的,喜欢涩涩的叔
"每日必看：<em class=""keyword"">美女</em>视频合集",灰色的sheep
菊地姫奈 餐厅魅惑写真,仁不求
模特 Ella | 比基尼写真 拍摄会,Terry乄Lee
艳阳天下 公园草坪上的瑜伽练习 | Mona Lisa Yoga,Terry乄Lee
"<em class=""keyword"">美女</em>合集1.0",小仙女對集中营
"【韩片频道】<em class=""keyword"">美女</em>上门收债，小伙没钱还，只好献出了自己的第一次",李沙雕讲故事
"<em class=""keyword"">美女</em>家中睡觉惨遭流氓入室强奸",汐汐爱兮兮
在家穿给你看,真的是充话费送的
"恋爱单选题性感<em class=""keyword"">美女</em>精彩合集",夜雪山音
"丝袜<em class=""keyword"">美女</em>来袭",忘返回忆录
若隐若现，犹抱琵琶半遮面 | 这就是透光的魅力 | 透肉性感内衣试穿,Terry乄Lee
降温了，看完能升温的性感视频！,酒酿Lily王
【辻梨理沙】是理想姐姐的化身！沉浸在魅力肉体中吧！,大漢冠軍侯的斥候
午夜场高能超欲肉搏名场面，舌吻的最高奥义~,指尖星彩
"哥哥在房间忍辱负重，弟弟却在隔壁<em class=""keyword"">美女</em>怀中享艳福",樱花有动漫
很那个的性感内搭们！,酒酿Lily王
"<em class=""keyword"">美女</em>热舞【宋曼可】",A美女收容所
这 才 叫 美 女 ！,鲁迅凛天下
"韩国大雷<em class=""keyword"">美女</em>雷颖11.18泳池比基尼回放_5",soop新星
『小仓优香』身材太顶了,Aboutfeeling-J
"【<em class=""keyword"">美女</em>换衣S2E6】劲爆台妹挑战不走光换比基尼，司机都看呆了，车都不开了！【耶嘿·精确5分钟】",耶嘿YeahHey
霏霏老师演示：如何在车上换装 |  转自：想入霏霏 Ms. Fei Fei,Terry乄Lee
真的什么都可以做的相亲,一坨海海草
小燃燃限定-油亮黑丝秀玉足,天才少女李滇滇
小燃燃限定-吊带油亮丝袜秀玉足,天才少女李滇滇
"超清4k实拍韩国性感<em class=""keyword"">美女</em>车模，丰满型我的最爱",被推到的高地
男b友们，说什么都要看的一集。,唐卡七
比基尼瑜伽 大开腿 此面向前~,Terry乄Lee
可爱和性感，你会怎么选？,宝蓝和玩具们
"【耶嘿<em class=""keyword"">美女</em>吃瓜04】全是B站瓜！60万粉UP凹秃嫚土豪定制流出！天降小桐宝私人订制流出连累自己封号！芊川一笑成为第一位官方认证福利姬！【耶嘿·精确5分钟】",耶嘿YeahHey
"/纯欲/ <em class=""keyword"">美女</em>合集",半点两袖清风
"爆笑咸猪手合集，小伙子被<em class=""keyword"">美女</em>使用美人计",啊阳搞笑影视
"<em class=""keyword"">美女</em>意外走光不知如何是好",影蜜电影
"<em class=""keyword"">美女</em>挑战不用手脱掉内衣",UseKeeeee
这是我能看的吗？这也太顶了！90,小跟班丶1
过审奇迹,粉狐狸-
上天了,起啥名字好呢11
妙妙的三分钟伸展瑜伽 粉色兔女郎丝袜装扮 | 妙妙miaomiaolegs,Terry乄Lee
守护天使 刺青赏析 | 黑男邱比特,Terry乄Lee
【Ann】迷你比基尼试穿分享,油土山车手
"每日必看：<em class=""keyword"">美女</em>视频合集",灰色的sheep
发点你们喜欢的,喜欢涩涩的叔
菊地姫奈 餐厅魅惑写真,仁不求
艳阳天下 公园草坪上的瑜伽练习 | Mona Lisa Yoga,Terry乄Lee
"<em class=""keyword"">美女</em>合集1.0",小仙女對集中营
模特 Ella | 比基尼写真 拍摄会,Terry乄Lee
"【韩片频道】<em class=""keyword"">美女</em>上门收债，小伙没钱还，只好献出了自己的第一次",李沙雕讲故事
"<em class=""keyword"">美女</em>家中睡觉惨遭流氓入室强奸",汐汐爱兮兮
在家穿给你看,真的是充话费送的
"恋爱单选题性感<em class=""keyword"">美女</em>精彩合集",夜雪山音
"丝袜<em class=""keyword"">美女</em>来袭",忘返回忆录
降温了，看完能升温的性感视频！,酒酿Lily王
若隐若现，犹抱琵琶半遮面 | 这就是透光的魅力 | 透肉性感内衣试穿,Terry乄Lee
【辻梨理沙】是理想姐姐的化身！沉浸在魅力肉体中吧！,大漢冠軍侯的斥候
很那个的性感内搭们！,酒酿Lily王
午夜场高能超欲肉搏名场面，舌吻的最高奥义~,指尖星彩
"哥哥在房间忍辱负重，弟弟却在隔壁<em class=""keyword"">美女</em>怀中享艳福",樱花有动漫
"<em class=""keyword"">美女</em>热舞【宋曼可】",A美女收容所
这 才 叫 美 女 ！,鲁迅凛天下
"韩国大雷<em class=""keyword"">美女</em>雷颖11.18泳池比基尼回放_5",soop新星
【耶嘿】台湾麻豆传媒公司艺人竟然参加过这么搞笑的综艺！有自信的女人才是正妹啊｜Bella。台湾综艺国光帮帮忙【精确5分钟】,耶嘿YeahHey
『小仓优香』身材太顶了,Aboutfeeling-J
"【<em class=""keyword"">美女</em>换衣S2E6】劲爆台妹挑战不走光换比基尼，司机都看呆了，车都不开了！【耶嘿·精确5分钟】",耶嘿YeahHey
霏霏老师演示：如何在车上换装 |  转自：想入霏霏 Ms. Fei Fei,Terry乄Lee
真的什么都可以做的相亲,一坨海海草
小燃燃限定-油亮黑丝秀玉足,天才少女李滇滇
小燃燃限定-吊带油亮丝袜秀玉足,天才少女李滇滇
男b友们，说什么都要看的一集。,唐卡七
VLOG ❤和朋友一起上游泳课❤ ——leeesovely,小逸观察
比基尼瑜伽 大开腿 此面向前~,Terry乄Lee
"超清4k实拍韩国性感<em class=""keyword"">美女</em>车模，丰满型我的最爱",被推到的高地
可爱和性感，你会怎么选？,宝蓝和玩具们
"【耶嘿<em class=""keyword"">美女</em>吃瓜04】全是B站瓜！60万粉UP凹秃嫚土豪定制流出！天降小桐宝私人订制流出连累自己封号！芊川一笑成为第一位官方认证福利姬！【耶嘿·精确5分钟】",耶嘿YeahHey
"爆笑咸猪手合集，小伙子被<em class=""keyword"">美女</em>使用美人计",啊阳搞笑影视
"/纯欲/ <em class=""keyword"">美女</em>合集",半点两袖清风
"<em class=""keyword"">美女</em>意外走光不知如何是好",影蜜电影
过审奇迹,粉狐狸-
"<em class=""keyword"">美女</em>挑战不用手脱掉内衣",UseKeeeee
这是我能看的吗？这也太顶了！90,小跟班丶1
上天了,起啥名字好呢11
妙妙的三分钟伸展瑜伽 粉色兔女郎丝袜装扮 | 妙妙miaomiaolegs,Terry乄Lee
守护天使 刺青赏析 | 黑男邱比特,Terry乄Lee
【Ann】迷你比基尼试穿分享,油土山车手
"每日必看：<em class=""keyword"">美女</em>视频合集",灰色的sheep
发点你们喜欢的,喜欢涩涩的叔
菊地姫奈 餐厅魅惑写真,仁不求
模特 Ella | 比基尼写真 拍摄会,Terry乄Lee
艳阳天下 公园草坪上的瑜伽练习 | Mona Lisa Yoga,Terry乄Lee
"<em class=""keyword"">美女</em>合集1.0",小仙女對集中营
"【韩片频道】<em class=""keyword"">美女</em>上门收债，小伙没钱还，只好献出了自己的第一次",李沙雕讲故事
"<em class=""keyword"">美女</em>家中睡觉惨遭流氓入室强奸",汐汐爱兮兮
在家穿给你看,真的是充话费送的
"恋爱单选题性感<em class=""keyword"">美女</em>精彩合集",夜雪山音
若隐若现，犹抱琵琶半遮面 | 这就是透光的魅力 | 透肉性感内衣试穿,Terry乄Lee
"丝袜<em class=""keyword"">美女</em>来袭",忘返回忆录
降温了，看完能升温的性感视频！,酒酿Lily王
【辻梨理沙】是理想姐姐的化身！沉浸在魅力肉体中吧！,大漢冠軍侯的斥候
午夜场高能超欲肉搏名场面，舌吻的最高奥义~,指尖星彩
很那个的性感内搭们！,酒酿Lily王
"哥哥在房间忍辱负重，弟弟却在隔壁<em class=""keyword"">美女</em>怀中享艳福",樱花有动漫
"<em class=""keyword"">美女</em>热舞【宋曼可】",A美女收容所
这 才 叫 美 女 ！,鲁迅凛天下
"韩国大雷<em class=""keyword"">美女</em>雷颖11.18泳池比基尼回放_5",soop新星
『小仓优香』身材太顶了,Aboutfeeling-J
"【<em class=""keyword"">美女</em>换衣S2E6】劲爆台妹挑战不走光换比基尼，司机都看呆了，车都不开了！【耶嘿·精确5分钟】",耶嘿YeahHey
霏霏老师演示：如何在车上换装 |  转自：想入霏霏 Ms. Fei Fei,Terry乄Lee
真的什么都可以做的相亲,一坨海海草
小燃燃限定-油亮黑丝秀玉足,天才少女李滇滇
小燃燃限定-吊带油亮丝袜秀玉足,天才少女李滇滇
男b友们，说什么都要看的一集。,唐卡七
比基尼瑜伽 大开腿 此面向前~,Terry乄Lee
"超清4k实拍韩国性感<em class=""keyword"">美女</em>车模，丰满型我的最爱",被推到的高地
可爱和性感，你会怎么选？,宝蓝和玩具们
"【耶嘿<em class=""keyword"">美女</em>吃瓜04】全是B站瓜！60万粉UP凹秃嫚土豪定制流出！天降小桐宝私人订制流出连累自己封号！芊川一笑成为第一位官方认证福利姬！【耶嘿·精确5分钟】",耶嘿YeahHey
"爆笑咸猪手合集，小伙子被<em class=""keyword"">美女</em>使用美人计",啊阳搞笑影视
"/纯欲/ <em class=""keyword"">美女</em>合集",半点两袖清风
"<em class=""keyword"">美女</em>意外走光不知如何是好",影蜜电影
"<em class=""keyword"">美女</em>挑战不用手脱掉内衣",UseKeeeee
这是我能看的吗？这也太顶了！90,小跟班丶1
过审奇迹,粉狐狸-
上天了,起啥名字好呢11
妙妙的三分钟伸展瑜伽 粉色兔女郎丝袜装扮 | 妙妙miaomiaolegs,Terry乄Lee
守护天使 刺青赏析 | 黑男邱比特,Terry乄Lee
【Ann】迷你比基尼试穿分享,油土山车手
"每日必看：<em class=""keyword"">美女</em>视频合集",灰色的sheep
发点你们喜欢的,喜欢涩涩的叔
菊地姫奈 餐厅魅惑写真,仁不求
艳阳天下 公园草坪上的瑜伽练习 | Mona Lisa Yoga,Terry乄Lee
模特 Ella | 比基尼写真 拍摄会,Terry乄Lee
"<em class=""keyword"">美女</em>合集1.0",小仙女對集中营
"【韩片频道】<em class=""keyword"">美女</em>上门收债，小伙没钱还，只好献出了自己的第一次",李沙雕讲故事
"<em class=""keyword"">美女</em>家中睡觉惨遭流氓入室强奸",汐汐爱兮兮
"恋爱单选题性感<em class=""keyword"">美女</em>精彩合集",夜雪山音
"丝袜<em class=""keyword"">美女</em>来袭",忘返回忆录
若隐若现，犹抱琵琶半遮面 | 这就是透光的魅力 | 透肉性感内衣试穿,Terry乄Lee
降温了，看完能升温的性感视频！,酒酿Lily王
在家穿给你看,真的是充话费送的
【辻梨理沙】是理想姐姐的化身！沉浸在魅力肉体中吧！,大漢冠軍侯的斥候
午夜场高能超欲肉搏名场面，舌吻的最高奥义~,指尖星彩
很那个的性感内搭们！,酒酿Lily王
"哥哥在房间忍辱负重，弟弟却在隔壁<em class=""keyword"">美女</em>怀中享艳福",樱花有动漫
"<em class=""keyword"">美女</em>热舞【宋曼可】",A美女收容所
这 才 叫 美 女 ！,鲁迅凛天下
"韩国大雷<em class=""keyword"">美女</em>雷颖11.18泳池比基尼回放_5",soop新星
【耶嘿】台湾麻豆传媒公司艺人竟然参加过这么搞笑的综艺！有自信的女人才是正妹啊｜Bella。台湾综艺国光帮帮忙【精确5分钟】,耶嘿YeahHey
"【<em class=""keyword"">美女</em>换衣S2E6】劲爆台妹挑战不走光换比基尼，司机都看呆了，车都不开了！【耶嘿·精确5分钟】",耶嘿YeahHey
霏霏老师演示：如何在车上换装 |  转自：想入霏霏 Ms. Fei Fei,Terry乄Lee
真的什么都可以做的相亲,一坨海海草
超性感拉伸瑜伽 慷慨大方 | Katie Rain,Terry乄Lee
小燃燃限定-油亮黑丝秀玉足,天才少女李滇滇
小燃燃限定-吊带油亮丝袜秀玉足,天才少女李滇滇
一段很纯粹很性感的视频～,酒酿Lily王
VLOG ❤和朋友一起上游泳课❤ ——leeesovely,小逸观察
比基尼瑜伽 大开腿 此面向前~,Terry乄Lee
"超清4k实拍韩国性感<em class=""keyword"">美女</em>车模，丰满型我的最爱",被推到的高地
可爱和性感，你会怎么选？,宝蓝和玩具们
"【耶嘿<em class=""keyword"">美女</em>吃瓜04】全是B站瓜！60万粉UP凹秃嫚土豪定制流出！天降小桐宝私人订制流出连累自己封号！芊川一笑成为第一位官方认证福利姬！【耶嘿·精确5分钟】",耶嘿YeahHey
"爆笑咸猪手合集，小伙子被<em class=""keyword"">美女</em>使用美人计",啊阳搞笑影视
"/纯欲/ <em class=""keyword"">美女</em>合集",半点两袖清风
"<em class=""keyword"">美女</em>意外走光不知如何是好",影蜜电影
这是我能看的吗？这也太顶了！90,小跟班丶1
"<em class=""keyword"">美女</em>挑战不用手脱掉内衣",UseKeeeee
过审奇迹,粉狐狸-
上天了,起啥名字好呢11
妙妙的三分钟伸展瑜伽 粉色兔女郎丝袜装扮 | 妙妙miaomiaolegs,Terry乄Lee
守护天使 刺青赏析 | 黑男邱比特,Terry乄Lee
【Ann】迷你比基尼试穿分享,油土山车手
"每日必看：<em class=""keyword"">美女</em>视频合集",灰色的sheep
发点你们喜欢的,喜欢涩涩的叔
菊地姫奈 餐厅魅惑写真,仁不求
模特 Ella | 比基尼写真 拍摄会,Terry乄Lee
艳阳天下 公园草坪上的瑜伽练习 | Mona Lisa Yoga,Terry乄Lee
"<em class=""keyword"">美女</em>合集1.0",小仙女對集中营
"【韩片频道】<em class=""keyword"">美女</em>上门收债，小伙没钱还，只好献出了自己的第一次",李沙雕讲故事
"<em class=""keyword"">美女</em>家中睡觉惨遭流氓入室强奸",汐汐爱兮兮
在家穿给你看,真的是充话费送的
"恋爱单选题性感<em class=""keyword"">美女</em>精彩合集",夜雪山音
"丝袜<em class=""keyword"">美女</em>来袭",忘返回忆录
降温了，看完能升温的性感视频！,酒酿Lily王
若隐若现，犹抱琵琶半遮面 | 这就是透光的魅力 | 透肉性感内衣试穿,Terry乄Lee
【辻梨理沙】是理想姐姐的化身！沉浸在魅力肉体中吧！,大漢冠軍侯的斥候
午夜场高能超欲肉搏名场面，舌吻的最高奥义~,指尖星彩
很那个的性感内搭们！,酒酿Lily王
"哥哥在房间忍辱负重，弟弟却在隔壁<em class=""keyword"">美女</em>怀中享艳福",樱花有动漫
"<em class=""keyword"">美女</em>热舞【宋曼可】",A美女收容所
这 才 叫 美 女 ！,鲁迅凛天下
"韩国大雷<em class=""keyword"">美女</em>雷颖11.18泳池比基尼回放_5",soop新星
"【<em class=""keyword"">美女</em>换衣S2E6】劲爆台妹挑战不走光换比基尼，司机都看呆了，车都不开了！【耶嘿·精确5分钟】",耶嘿YeahHey
霏霏老师演示：如何在车上换装 |  转自：想入霏霏 Ms. Fei Fei,Terry乄Lee
真的什么都可以做的相亲,一坨海海草
超性感拉伸瑜伽 慷慨大方 | Katie Rain,Terry乄Lee
小燃燃限定-油亮黑丝秀玉足,天才少女李滇滇
小燃燃限定-吊带油亮丝袜秀玉足,天才少女李滇滇
一段很纯粹很性感的视频～,酒酿Lily王
男b友们，说什么都要看的一集。,唐卡七
VLOG ❤和朋友一起上游泳课❤ ——leeesovely,小逸观察
比基尼瑜伽 大开腿 此面向前~,Terry乄Lee
"超清4k实拍韩国性感<em class=""keyword"">美女</em>车模，丰满型我的最爱",被推到的高地
可爱和性感，你会怎么选？,宝蓝和玩具们
"【耶嘿<em class=""keyword"">美女</em>吃瓜04】全是B站瓜！60万粉UP凹秃嫚土豪定制流出！天降小桐宝私人订制流出连累自己封号！芊川一笑成为第一位官方认证福利姬！【耶嘿·精确5分钟】",耶嘿YeahHey
"爆笑咸猪手合集，小伙子被<em class=""keyword"">美女</em>使用美人计",啊阳搞笑影视
"/纯欲/ <em class=""keyword"">美女</em>合集",半点两袖清风
"<em class=""keyword"">美女</em>意外走光不知如何是好",影蜜电影
这是我能看的吗？这也太顶了！90,小跟班丶1
"<em class=""keyword"">美女</em>挑战不用手脱掉内衣",UseKeeeee
过审奇迹,粉狐狸-
上天了,起啥名字好呢11
妙妙的三分钟伸展瑜伽 粉色兔女郎丝袜装扮 | 妙妙miaomiaolegs,Terry乄Lee
守护天使 刺青赏析 | 黑男邱比特,Terry乄Lee
【Ann】迷你比基尼试穿分享,油土山车手
"每日必看：<em class=""keyword"">美女</em>视频合集",灰色的sheep
菊地姫奈 餐厅魅惑写真,仁不求
模特 Ella | 比基尼写真 拍摄会,Terry乄Lee
艳阳天下 公园草坪上的瑜伽练习 | Mona Lisa Yoga,Terry乄Lee
"<em class=""keyword"">美女</em>合集1.0",小仙女對集中营
"【韩片频道】<em class=""keyword"">美女</em>上门收债，小伙没钱还，只好献出了自己的第一次",李沙雕讲故事
"<em class=""keyword"">美女</em>家中睡觉惨遭流氓入室强奸",汐汐爱兮兮
在家穿给你看,真的是充话费送的
"恋爱单选题性感<em class=""keyword"">美女</em>精彩合集",夜雪山音
"丝袜<em class=""keyword"">美女</em>来袭",忘返回忆录
降温了，看完能升温的性感视频！,酒酿Lily王
若隐若现，犹抱琵琶半遮面 | 这就是透光的魅力 | 透肉性感内衣试穿,Terry乄Lee
【辻梨理沙】是理想姐姐的化身！沉浸在魅力肉体中吧！,大漢冠軍侯的斥候
午夜场高能超欲肉搏名场面，舌吻的最高奥义~,指尖星彩
很那个的性感内搭们！,酒酿Lily王
"哥哥在房间忍辱负重，弟弟却在隔壁<em class=""keyword"">美女</em>怀中享艳福",樱花有动漫
"<em class=""keyword"">美女</em>热舞【宋曼可】",A美女收容所
这 才 叫 美 女 ！,鲁迅凛天下
"韩国大雷<em class=""keyword"">美女</em>雷颖11.18泳池比基尼回放_5",soop新星
"【<em class=""keyword"">美女</em>换衣S2E6】劲爆台妹挑战不走光换比基尼，司机都看呆了，车都不开了！【耶嘿·精确5分钟】",耶嘿YeahHey
霏霏老师演示：如何在车上换装 |  转自：想入霏霏 Ms. Fei Fei,Terry乄Lee
真的什么都可以做的相亲,一坨海海草
超性感拉伸瑜伽 慷慨大方 | Katie Rain,Terry乄Lee
小燃燃限定-油亮黑丝秀玉足,天才少女李滇滇
小燃燃限定-吊带油亮丝袜秀玉足,天才少女李滇滇
一段很纯粹很性感的视频～,酒酿Lily王
VLOG ❤和朋友一起上游泳课❤ ——leeesovely,小逸观察
可爱和性感，你会怎么选？,宝蓝和玩具们
比基尼瑜伽 大开腿 此面向前~,Terry乄Lee
"超清4k实拍韩国性感<em class=""keyword"">美女</em>车模，丰满型我的最爱",被推到的高地
"【耶嘿<em class=""keyword"">美女</em>吃瓜04】全是B站瓜！60万粉UP凹秃嫚土豪定制流出！天降小桐宝私人订制流出连累自己封号！芊川一笑成为第一位官方认证福利姬！【耶嘿·精确5分钟】",耶嘿YeahHey
"爆笑咸猪手合集，小伙子被<em class=""keyword"">美女</em>使用美人计",啊阳搞笑影视
"/纯欲/ <em class=""keyword"">美女</em>合集",半点两袖清风
"<em class=""keyword"">美女</em>意外走光不知如何是好",影蜜电影
这是我能看的吗？这也太顶了！90,小跟班丶1
过审奇迹,粉狐狸-
"<em class=""keyword"">美女</em>挑战不用手脱掉内衣",UseKeeeee
妙妙的三分钟伸展瑜伽 粉色兔女郎丝袜装扮 | 妙妙miaomiaolegs,Terry乄Lee
上天了,起啥名字好呢11
守护天使 刺青赏析 | 黑男邱比特,Terry乄Lee
这声音谁顶得住...,球球别限流了
【Ann】迷你比基尼试穿分享,油土山车手
"每日必看：<em class=""keyword"">美女</em>视频合集",灰色的sheep
发点你们喜欢的,喜欢涩涩的叔
菊地姫奈 餐厅魅惑写真,仁不求
模特 Ella | 比基尼写真 拍摄会,Terry乄Lee
艳阳天下 公园草坪上的瑜伽练习 | Mona Lisa Yoga,Terry乄Lee
"<em class=""keyword"">美女</em>合集1.0",小仙女對集中营
"【韩片频道】<em class=""keyword"">美女</em>上门收债，小伙没钱还，只好献出了自己的第一次",李沙雕讲故事
"<em class=""keyword"">美女</em>家中睡觉惨遭流氓入室强奸",汐汐爱兮兮
"恋爱单选题性感<em class=""keyword"">美女</em>精彩合集",夜雪山音
在家穿给你看,真的是充话费送的
降温了，看完能升温的性感视频！,酒酿Lily王
"丝袜<em class=""keyword"">美女</em>来袭",忘返回忆录
若隐若现，犹抱琵琶半遮面 | 这就是透光的魅力 | 透肉性感内衣试穿,Terry乄Lee
【辻梨理沙】是理想姐姐的化身！沉浸在魅力肉体中吧！,大漢冠軍侯的斥候
午夜场高能超欲肉搏名场面，舌吻的最高奥义~,指尖星彩
很那个的性感内搭们！,酒酿Lily王
"哥哥在房间忍辱负重，弟弟却在隔壁<em class=""keyword"">美女</em>怀中享艳福",樱花有动漫
"<em class=""keyword"">美女</em>热舞【宋曼可】",A美女收容所
这 才 叫 美 女 ！,鲁迅凛天下
"【<em class=""keyword"">美女</em>换衣S2E6】劲爆台妹挑战不走光换比基尼，司机都看呆了，车都不开了！【耶嘿·精确5分钟】",耶嘿YeahHey
霏霏老师演示：如何在车上换装 |  转自：想入霏霏 Ms. Fei Fei,Terry乄Lee
真的什么都可以做的相亲,一坨海海草
超性感拉伸瑜伽 慷慨大方 | Katie Rain,Terry乄Lee
小燃燃限定-油亮黑丝秀玉足,天才少女李滇滇
小燃燃限定-吊带油亮丝袜秀玉足,天才少女李滇滇
一段很纯粹很性感的视频～,酒酿Lily王
VLOG ❤和朋友一起上游泳课❤ ——leeesovely,小逸观察
可爱和性感，你会怎么选？,宝蓝和玩具们
比基尼瑜伽 大开腿 此面向前~,Terry乄Lee
"超清4k实拍韩国性感<em class=""keyword"">美女</em>车模，丰满型我的最爱",被推到的高地
"【耶嘿<em class=""keyword"">美女</em>吃瓜04】全是B站瓜！60万粉UP凹秃嫚土豪定制流出！天降小桐宝私人订制流出连累自己封号！芊川一笑成为第一位官方认证福利姬！【耶嘿·精确5分钟】",耶嘿YeahHey
"爆笑咸猪手合集，小伙子被<em class=""keyword"">美女</em>使用美人计",啊阳搞笑影视
"/纯欲/ <em class=""keyword"">美女</em>合集",半点两袖清风
"<em class=""keyword"">美女</em>意外走光不知如何是好",影蜜电影
"<em class=""keyword"">美女</em>挑战不用手脱掉内衣",UseKeeeee
这是我能看的吗？这也太顶了！90,小跟班丶1
过审奇迹,粉狐狸-
上天了,起啥名字好呢11
妙妙的三分钟伸展瑜伽 粉色兔女郎丝袜装扮 | 妙妙miaomiaolegs,Terry乄Lee
守护天使 刺青赏析 | 黑男邱比特,Terry乄Lee
【Ann】迷你比基尼试穿分享,油土山车手
"每日必看：<em class=""keyword"">美女</em>视频合集",灰色的sheep
发点你们喜欢的,喜欢涩涩的叔
菊地姫奈 餐厅魅惑写真,仁不求
艳阳天下 公园草坪上的瑜伽练习 | Mona Lisa Yoga,Terry乄Lee
模特 Ella | 比基尼写真 拍摄会,Terry乄Lee
"<em class=""keyword"">美女</em>合集1.0",小仙女對集中营
"【韩片频道】<em class=""keyword"">美女</em>上门收债，小伙没钱还，只好献出了自己的第一次",李沙雕讲故事
"<em class=""keyword"">美女</em>家中睡觉惨遭流氓入室强奸",汐汐爱兮兮
"恋爱单选题性感<em class=""keyword"">美女</em>精彩合集",夜雪山音
降温了，看完能升温的性感视频！,酒酿Lily王
"丝袜<em class=""keyword"">美女</em>来袭",忘返回忆录
很那个的性感内搭们！,酒酿Lily王
在家穿给你看,真的是充话费送的
若隐若现，犹抱琵琶半遮面 | 这就是透光的魅力 | 透肉性感内衣试穿,Terry乄Lee
【辻梨理沙】是理想姐姐的化身！沉浸在魅力肉体中吧！,大漢冠軍侯的斥候
午夜场高能超欲肉搏名场面，舌吻的最高奥义~,指尖星彩
"哥哥在房间忍辱负重，弟弟却在隔壁<em class=""keyword"">美女</em>怀中享艳福",樱花有动漫
"<em class=""keyword"">美女</em>热舞【宋曼可】",A美女收容所
这 才 叫 美 女 ！,鲁迅凛天下
"韩国大雷<em class=""keyword"">美女</em>雷颖11.18泳池比基尼回放_5",soop新星
『小仓优香』身材太顶了,Aboutfeeling-J
"【<em class=""keyword"">美女</em>换衣S2E6】劲爆台妹挑战不走光换比基尼，司机都看呆了，车都不开了！【耶嘿·精确5分钟】",耶嘿YeahHey
霏霏老师演示：如何在车上换装 |  转自：想入霏霏 Ms. Fei Fei,Terry乄Lee
真的什么都可以做的相亲,一坨海海草
小燃燃限定-油亮黑丝秀玉足,天才少女李滇滇
小燃燃限定-吊带油亮丝袜秀玉足,天才少女李滇滇
VLOG ❤和朋友一起上游泳课❤ ——leeesovely,小逸观察
"超清4k实拍韩国性感<em class=""keyword"">美女</em>车模，丰满型我的最爱",被推到的高地
男b友们，说什么都要看的一集。,唐卡七
比基尼瑜伽 大开腿 此面向前~,Terry乄Lee
可爱和性感，你会怎么选？,宝蓝和玩具们
"爆笑咸猪手合集，小伙子被<em class=""keyword"">美女</em>使用美人计",啊阳搞笑影视
"/纯欲/ <em class=""keyword"">美女</em>合集",半点两袖清风
"【耶嘿<em class=""keyword"">美女</em>吃瓜04】全是B站瓜！60万粉UP凹秃嫚土豪定制流出！天降小桐宝私人订制流出连累自己封号！芊川一笑成为第一位官方认证福利姬！【耶嘿·精确5分钟】",耶嘿YeahHey
"<em class=""keyword"">美女</em>意外走光不知如何是好",影蜜电影
过审奇迹,粉狐狸-
这是我能看的吗？这也太顶了！90,小跟班丶1
"<em class=""keyword"">美女</em>挑战不用手脱掉内衣",UseKeeeee
妙妙的三分钟伸展瑜伽 粉色兔女郎丝袜装扮 | 妙妙miaomiaolegs,Terry乄Lee
上天了,起啥名字好呢11
守护天使 刺青赏析 | 黑男邱比特,Terry乄Lee
【Ann】迷你比基尼试穿分享,油土山车手
"每日必看：<em class=""keyword"">美女</em>视频合集",灰色的sheep
发点你们喜欢的,喜欢涩涩的叔
菊地姫奈 餐厅魅惑写真,仁不求
模特 Ella | 比基尼写真 拍摄会,Terry乄Lee
艳阳天下 公园草坪上的瑜伽练习 | Mona Lisa Yoga,Terry乄Lee
"<em class=""keyword"">美女</em>合集1.0",小仙女對集中营
"【韩片频道】<em class=""keyword"">美女</em>上门收债，小伙没钱还，只好献出了自己的第一次",李沙雕讲故事
"<em class=""keyword"">美女</em>家中睡觉惨遭流氓入室强奸",汐汐爱兮兮
在家穿给你看,真的是充话费送的
"恋爱单选题性感<em class=""keyword"">美女</em>精彩合集",夜雪山音
"丝袜<em class=""keyword"">美女</em>来袭",忘返回忆录
降温了，看完能升温的性感视频！,酒酿Lily王
若隐若现，犹抱琵琶半遮面 | 这就是透光的魅力 | 透肉性感内衣试穿,Terry乄Lee
【辻梨理沙】是理想姐姐的化身！沉浸在魅力肉体中吧！,大漢冠軍侯的斥候
很那个的性感内搭们！,酒酿Lily王
午夜场高能超欲肉搏名场面，舌吻的最高奥义~,指尖星彩
"哥哥在房间忍辱负重，弟弟却在隔壁<em class=""keyword"">美女</em>怀中享艳福",樱花有动漫
"<em class=""keyword"">美女</em>热舞【宋曼可】",A美女收容所
这 才 叫 美 女 ！,鲁迅凛天下
"韩国大雷<em class=""keyword"">美女</em>雷颖11.18泳池比基尼回放_5",soop新星
既然我们都没做过，就做一次吧,一坨海海草
『小仓优香』身材太顶了,Aboutfeeling-J
"【<em class=""keyword"">美女</em>换衣S2E6】劲爆台妹挑战不走光换比基尼，司机都看呆了，车都不开了！【耶嘿·精确5分钟】",耶嘿YeahHey
霏霏老师演示：如何在车上换装 |  转自：想入霏霏 Ms. Fei Fei,Terry乄Lee
小燃燃限定-油亮黑丝秀玉足,天才少女李滇滇
小燃燃限定-吊带油亮丝袜秀玉足,天才少女李滇滇
VLOG ❤和朋友一起上游泳课❤ ——leeesovely,小逸观察
"超清4k实拍韩国性感<em class=""keyword"">美女</em>车模，丰满型我的最爱",被推到的高地
比基尼瑜伽 大开腿 此面向前~,Terry乄Lee
"/纯欲/ <em class=""keyword"">美女</em>合集",半点两袖清风
"爆笑咸猪手合集，小伙子被<em class=""keyword"">美女</em>使用美人计",啊阳搞笑影视
"【耶嘿<em class=""keyword"">美女</em>吃瓜04】全是B站瓜！60万粉UP凹秃嫚土豪定制流出！天降小桐宝私人订制流出连累自己封号！芊川一笑成为第一位官方认证福利姬！【耶嘿·精确5分钟】",耶嘿YeahHey
"<em class=""keyword"">美女</em>意外走光不知如何是好",影蜜电影
过审奇迹,粉狐狸-
这是我能看的吗？这也太顶了！90,小跟班丶1
"<em class=""keyword"">美女</em>挑战不用手脱掉内衣",UseKeeeee
妙妙的三分钟伸展瑜伽 粉色兔女郎丝袜装扮 | 妙妙miaomiaolegs,Terry乄Lee
上天了,起啥名字好呢11
守护天使 刺青赏析 | 黑男邱比特,Terry乄Lee
【Ann】迷你比基尼试穿分享,油土山车手
发点你们喜欢的,喜欢涩涩的叔
"每日必看：<em class=""keyword"">美女</em>视频合集",灰色的sheep
菊地姫奈 餐厅魅惑写真,仁不求
模特 Ella | 比基尼写真 拍摄会,Terry乄Lee
艳阳天下 公园草坪上的瑜伽练习 | Mona Lisa Yoga,Terry乄Lee
"<em class=""keyword"">美女</em>合集1.0",小仙女對集中营
"【韩片频道】<em class=""keyword"">美女</em>上门收债，小伙没钱还，只好献出了自己的第一次",李沙雕讲故事
"<em class=""keyword"">美女</em>家中睡觉惨遭流氓入室强奸",汐汐爱兮兮
"恋爱单选题性感<em class=""keyword"">美女</em>精彩合集",夜雪山音
在家穿给你看,真的是充话费送的
"丝袜<em class=""keyword"">美女</em>来袭",忘返回忆录
若隐若现，犹抱琵琶半遮面 | 这就是透光的魅力 | 透肉性感内衣试穿,Terry乄Lee
降温了，看完能升温的性感视频！,酒酿Lily王
【辻梨理沙】是理想姐姐的化身！沉浸在魅力肉体中吧！,大漢冠軍侯的斥候
午夜场高能超欲肉搏名场面，舌吻的最高奥义~,指尖星彩
很那个的性感内搭们！,酒酿Lily王
"哥哥在房间忍辱负重，弟弟却在隔壁<em class=""keyword"">美女</em>怀中享艳福",樱花有动漫
"<em class=""keyword"">美女</em>热舞【宋曼可】",A美女收容所
这 才 叫 美 女 ！,鲁迅凛天下
"韩国大雷<em class=""keyword"">美女</em>雷颖11.18泳池比基尼回放_5",soop新星
【耶嘿】台湾麻豆传媒公司艺人竟然参加过这么搞笑的综艺！有自信的女人才是正妹啊｜Bella。台湾综艺国光帮帮忙【精确5分钟】,耶嘿YeahHey
"超有感觉的<em class=""keyword"">美女</em>合集",小零gogogo
"【<em class=""keyword"">美女</em>换衣S2E6】劲爆台妹挑战不走光换比基尼，司机都看呆了，车都不开了！【耶嘿·精确5分钟】",耶嘿YeahHey
霏霏老师演示：如何在车上换装 |  转自：想入霏霏 Ms. Fei Fei,Terry乄Lee
真的什么都可以做的相亲,一坨海海草
超性感拉伸瑜伽 慷慨大方 | Katie Rain,Terry乄Lee
小燃燃限定-油亮黑丝秀玉足,天才少女李滇滇
小燃燃限定-吊带油亮丝袜秀玉足,天才少女李滇滇
一段很纯粹很性感的视频～,酒酿Lily王
男b友们，说什么都要看的一集。,唐卡七
VLOG ❤和朋友一起上游泳课❤ ——leeesovely,小逸观察
"男子一直盯着<em class=""keyword"">美女</em>，忍不住强吻了<em class=""keyword"">美女</em>，<em class=""keyword"">美女</em>也主动配合",这么瓜皮
比基尼瑜伽 大开腿 此面向前~,Terry乄Lee
"超清4k实拍韩国性感<em class=""keyword"">美女</em>车模，丰满型我的最爱",被推到的高地
可爱和性感，你会怎么选？,宝蓝和玩具们
"【耶嘿<em class=""keyword"">美女</em>吃瓜04】全是B站瓜！60万粉UP凹秃嫚土豪定制流出！天降小桐宝私人订制流出连累自己封号！芊川一笑成为第一位官方认证福利姬！【耶嘿·精确5分钟】",耶嘿YeahHey
"爆笑咸猪手合集，小伙子被<em class=""keyword"">美女</em>使用美人计",啊阳搞笑影视
"/纯欲/ <em class=""keyword"">美女</em>合集",半点两袖清风
"<em class=""keyword"">美女</em>意外走光不知如何是好",影蜜电影
"<em class=""keyword"">美女</em>挑战不用手脱掉内衣",UseKeeeee
过审奇迹,粉狐狸-
这是我能看的吗？这也太顶了！90,小跟班丶1
上天了,起啥名字好呢11
妙妙的三分钟伸展瑜伽 粉色兔女郎丝袜装扮 | 妙妙miaomiaolegs,Terry乄Lee
守护天使 刺青赏析 | 黑男邱比特,Terry乄Lee
【Ann】迷你比基尼试穿分享,油土山车手
"每日必看：<em class=""keyword"">美女</em>视频合集",灰色的sheep
发点你们喜欢的,喜欢涩涩的叔
菊地姫奈 餐厅魅惑写真,仁不求
艳阳天下 公园草坪上的瑜伽练习 | Mona Lisa Yoga,Terry乄Lee
"<em class=""keyword"">美女</em>合集1.0",小仙女對集中营
模特 Ella | 比基尼写真 拍摄会,Terry乄Lee
"【韩片频道】<em class=""keyword"">美女</em>上门收债，小伙没钱还，只好献出了自己的第一次",李沙雕讲故事
"<em class=""keyword"">美女</em>家中睡觉惨遭流氓入室强奸",汐汐爱兮兮
在家穿给你看,真的是充话费送的
"恋爱单选题性感<em class=""keyword"">美女</em>精彩合集",夜雪山音
若隐若现，犹抱琵琶半遮面 | 这就是透光的魅力 | 透肉性感内衣试穿,Terry乄Lee
"丝袜<em class=""keyword"">美女</em>来袭",忘返回忆录
降温了，看完能升温的性感视频！,酒酿Lily王
【辻梨理沙】是理想姐姐的化身！沉浸在魅力肉体中吧！,大漢冠軍侯的斥候
很那个的性感内搭们！,酒酿Lily王
午夜场高能超欲肉搏名场面，舌吻的最高奥义~,指尖星彩
"哥哥在房间忍辱负重，弟弟却在隔壁<em class=""keyword"">美女</em>怀中享艳福",樱花有动漫
"<em class=""keyword"">美女</em>热舞【宋曼可】",A美女收容所
